0,RootNode
1,Mesh_0
2,sh1model
3,0
4,1
5,2
6,2_end
7,2_end_end
8,2_end_end_end
9,2_end_end_end_end
10,3
11,4
12,5
13,6
14,6_end
15,6_end_end
16,6_end_end_end
17,6_end_end_end_end
18,7
19,8
20,9
21,10
22,10_end
23,10_end_end
24,10_end_end_end
25,10_end_end_end_end
26,11
27,12
28,13
29,14
30,14_end
31,14_end_end
32,14_end_end_end
33,14_end_end_end_end
34,15
35,16
36,17
37,17_end
38,17_end_end
39,17_end_end_end
40,17_end_end_end_end

-15.103933,-13.547098,174.872360,5.000000,0.000000,0.000000,0.000000,1.000000,0.000000,0.000000,0.000000
-6.662285,-21.814510,179.810837,5.000000,0.000000,0.000000,0.000000,1.000000,0.000000,0.000000,0.000000
-6.493449,-28.684639,178.145676,5.000000,0.000000,0.000000,0.000000,1.000000,0.000000,0.000000,0.000000
-2.782191,-23.312424,144.346771,5.000000,0.000000,0.000000,0.000000,1.000000,0.000000,0.000000,0.000000
2.417281,-30.114416,143.511078,5.000000,0.000000,0.000000,0.000000,1.000000,0.000000,0.000000,0.000000
2.192146,-25.850451,140.909546,5.000000,0.000000,0.000000,0.000000,1.000000,0.000000,0.000000,0.000000
2.725750,-28.171078,154.741760,5.000000,0.000000,0.000000,0.000000,1.000000,0.000000,0.000000,0.000000
-4.122610,-28.777792,158.952682,5.000000,0.000000,0.000000,0.000000,1.000000,0.000000,0.000000,0.000000
9.862302,-28.321884,158.489670,5.000000,0.000000,0.000000,0.000000,1.000000,0.000000,0.000000,0.000000
5.638482,-20.604019,129.222061,5.000000,0.000000,0.000000,0.000000,1.000000,0.000000,0.000000,0.000000
-2.352897,-20.864538,129.486618,5.000000,0.000000,0.000000,0.000000,1.000000,0.000000,0.000000,0.000000
2.192146,-25.850451,140.909546,5.000000,0.000000,0.000000,0.000000,1.000000,0.000000,0.000000,0.000000
-5.080091,14.037197,141.953842,5.000000,0.000000,0.000000,0.000000,1.000000,0.000000,0.000000,0.000000
-14.400665,0.019367,148.998520,5.000000,0.000000,0.000000,0.000000,1.000000,0.000000,0.000000,0.000000
-11.698851,-0.025706,139.849854,5.000000,0.000000,0.000000,0.000000,1.000000,0.000000,0.000000,0.000000
-4.122610,-28.777792,158.952682,5.000000,0.000000,0.000000,0.000000,1.000000,0.000000,0.000000,0.000000
-11.326685,-22.941210,158.763901,5.000000,0.000000,0.000000,0.000000,1.000000,0.000000,0.000000,0.000000
-5.811986,-26.899584,170.249512,5.000000,0.000000,0.000000,0.000000,1.000000,0.000000,0.000000,0.000000
-10.717270,-20.966774,148.878036,5.000000,0.000000,0.000000,0.000000,1.000000,0.000000,0.000000,0.000000
-12.479396,-5.222521,141.393814,5.000000,0.000000,0.000000,0.000000,1.000000,0.000000,0.000000,0.000000
-13.813056,-9.787606,157.090363,5.000000,0.000000,0.000000,0.000000,1.000000,0.000000,0.000000,0.000000
-10.537149,-21.440224,153.852310,5.000000,0.000000,0.000000,0.000000,1.000000,0.000000,0.000000,0.000000
-10.717270,-20.966774,148.878036,5.000000,0.000000,0.000000,0.000000,1.000000,0.000000,0.000000,0.000000
-13.813056,-9.787606,157.090363,5.000000,0.000000,0.000000,0.000000,1.000000,0.000000,0.000000,0.000000
2.725750,-28.171078,154.741760,5.000000,0.000000,0.000000,0.000000,1.000000,0.000000,0.000000,0.000000
-1.459051,-24.132063,153.267380,5.000000,0.000000,0.000000,0.000000,1.000000,0.000000,0.000000,0.000000
-4.122610,-28.777792,158.952682,5.000000,0.000000,0.000000,0.000000,1.000000,0.000000,0.000000,0.000000
-12.479396,-5.222521,141.393814,5.000000,0.000000,0.000000,0.000000,1.000000,0.000000,0.000000,0.000000
-10.717270,-20.966774,148.878036,5.000000,0.000000,0.000000,0.000000,1.000000,0.000000,0.000000,0.000000
-2.352897,-20.864538,129.486618,5.000000,0.000000,0.000000,0.000000,1.000000,0.000000,0.000000,0.000000
-13.813056,-9.787606,157.090363,5.000000,0.000000,0.000000,0.000000,1.000000,0.000000,0.000000,0.000000
-15.914448,-4.072271,159.720779,5.000000,0.000000,0.000000,0.000000,1.000000,0.000000,0.000000,0.000000
-15.103933,-13.547098,174.872360,5.000000,0.000000,0.000000,0.000000,1.000000,0.000000,0.000000,0.000000
-7.365364,15.741537,165.317764,5.000000,0.000000,0.000000,0.000000,1.000000,0.000000,0.000000,0.000000
-13.950332,6.180058,168.666840,5.000000,0.000000,0.000000,0.000000,1.000000,0.000000,0.000000,0.000000
-16.168848,1.186669,157.215027,5.000000,0.000000,0.000000,0.000000,1.000000,0.000000,0.000000,0.000000
2.192146,-25.850451,140.909546,5.000000,0.000000,0.000000,0.000000,1.000000,0.000000,0.000000,0.000000
-2.352897,-20.864538,129.486618,5.000000,0.000000,0.000000,0.000000,1.000000,0.000000,0.000000,0.000000
-2.782191,-23.312424,144.346771,5.000000,0.000000,0.000000,0.000000,1.000000,0.000000,0.000000,0.000000
-11.698851,-0.025706,139.849854,5.000000,0.000000,0.000000,0.000000,1.000000,0.000000,0.000000,0.000000
-14.400665,0.019367,148.998520,5.000000,0.000000,0.000000,0.000000,1.000000,0.000000,0.000000,0.000000
-12.479396,-5.222521,141.393814,5.000000,0.000000,0.000000,0.000000,1.000000,0.000000,0.000000,0.000000
13.316161,-21.163214,179.149399,5.000000,0.000000,0.000000,0.000000,1.000000,0.000000,0.000000,0.000000
20.857271,-12.374763,173.681778,5.000000,0.000000,0.000000,0.000000,1.000000,0.000000,0.000000,0.000000
13.484997,-28.033342,177.484222,5.000000,0.000000,0.000000,0.000000,1.000000,0.000000,0.000000,0.000000
7.207032,-22.986773,144.016037,5.000000,0.000000,0.000000,0.000000,1.000000,0.000000,0.000000,0.000000
2.192146,-25.850451,140.909546,5.000000,0.000000,0.000000,0.000000,1.000000,0.000000,0.000000,0.000000
2.417281,-30.114416,143.511078,5.000000,0.000000,0.000000,0.000000,1.000000,0.000000,0.000000,0.000000
12.168615,-26.313417,169.654205,5.000000,0.000000,0.000000,0.000000,1.000000,0.000000,0.000000,0.000000
17.646589,-16.500433,163.353653,5.000000,0.000000,0.000000,0.000000,1.000000,0.000000,0.000000,0.000000
16.643139,-22.029396,157.837891,5.000000,0.000000,0.000000,0.000000,1.000000,0.000000,0.000000,0.000000
14.273129,0.820980,138.989990,5.000000,0.000000,0.000000,0.000000,1.000000,0.000000,0.000000,0.000000
17.564848,1.061442,147.940216,5.000000,0.000000,0.000000,0.000000,1.000000,0.000000,0.000000,0.000000
6.906978,14.427976,141.556976,5.000000,0.000000,0.000000,0.000000,1.000000,0.000000,0.000000,0.000000
18.152456,-8.745532,156.032059,5.000000,0.000000,0.000000,0.000000,1.000000,0.000000,0.000000,0.000000
17.646589,-16.500433,163.353653,5.000000,0.000000,0.000000,0.000000,1.000000,0.000000,0.000000,0.000000
20.857271,-12.374763,173.681778,5.000000,0.000000,0.000000,0.000000,1.000000,0.000000,0.000000,0.000000
9.862302,-28.321884,158.489670,5.000000,0.000000,0.000000,0.000000,1.000000,0.000000,0.000000,0.000000
12.168615,-26.313417,169.654205,5.000000,0.000000,0.000000,0.000000,1.000000,0.000000,0.000000,0.000000
16.643139,-22.029396,157.837891,5.000000,0.000000,0.000000,0.000000,1.000000,0.000000,0.000000,0.000000
15.254709,-20.120090,148.018173,5.000000,0.000000,0.000000,0.000000,1.000000,0.000000,0.000000,0.000000
18.152456,-8.745532,156.032059,5.000000,0.000000,0.000000,0.000000,1.000000,0.000000,0.000000,0.000000
15.490429,-4.310706,140.467819,5.000000,0.000000,0.000000,0.000000,1.000000,0.000000,0.000000,0.000000
15.434831,-20.593538,152.992447,5.000000,0.000000,0.000000,0.000000,1.000000,0.000000,0.000000,0.000000
18.152456,-8.745532,156.032059,5.000000,0.000000,0.000000,0.000000,1.000000,0.000000,0.000000,0.000000
15.254709,-20.120090,148.018173,5.000000,0.000000,0.000000,0.000000,1.000000,0.000000,0.000000,0.000000
2.725750,-28.171078,154.741760,5.000000,0.000000,0.000000,0.000000,1.000000,0.000000,0.000000,0.000000
9.862302,-28.321884,158.489670,5.000000,0.000000,0.000000,0.000000,1.000000,0.000000,0.000000,0.000000
6.532328,-23.871544,153.002808,5.000000,0.000000,0.000000,0.000000,1.000000,0.000000,0.000000,0.000000
15.490429,-4.310706,140.467819,5.000000,0.000000,0.000000,0.000000,1.000000,0.000000,0.000000,0.000000
5.638482,-20.604019,129.222061,5.000000,0.000000,0.000000,0.000000,1.000000,0.000000,0.000000,0.000000
15.254709,-20.120090,148.018173,5.000000,0.000000,0.000000,0.000000,1.000000,0.000000,0.000000,0.000000
18.152456,-8.745532,156.032059,5.000000,0.000000,0.000000,0.000000,1.000000,0.000000,0.000000,0.000000
20.857271,-12.374763,173.681778,5.000000,0.000000,0.000000,0.000000,1.000000,0.000000,0.000000,0.000000
20.046757,-2.899936,158.530197,5.000000,0.000000,0.000000,0.000000,1.000000,0.000000,0.000000,0.000000
19.792355,2.359004,156.024429,5.000000,0.000000,0.000000,0.000000,1.000000,0.000000,0.000000,0.000000
18.015182,7.222133,167.608551,5.000000,0.000000,0.000000,0.000000,1.000000,0.000000,0.000000,0.000000
10.615238,16.327705,164.722458,5.000000,0.000000,0.000000,0.000000,1.000000,0.000000,0.000000,0.000000
2.192146,-25.850451,140.909546,5.000000,0.000000,0.000000,0.000000,1.000000,0.000000,0.000000,0.000000
7.207032,-22.986773,144.016037,5.000000,0.000000,0.000000,0.000000,1.000000,0.000000,0.000000,0.000000
5.638482,-20.604019,129.222061,5.000000,0.000000,0.000000,0.000000,1.000000,0.000000,0.000000,0.000000
18.152456,-8.745532,156.032059,5.000000,0.000000,0.000000,0.000000,1.000000,0.000000,0.000000,0.000000
22.044601,-2.834806,158.464035,5.000000,0.000000,0.000000,0.000000,1.000000,0.000000,0.000000,0.000000
15.490429,-4.310706,140.467819,5.000000,0.000000,0.000000,0.000000,1.000000,0.000000,0.000000,0.000000
-5.811986,-26.899584,170.249512,5.000000,0.000000,0.000000,0.000000,1.000000,0.000000,0.000000,0.000000
-11.326685,-22.941210,158.763901,5.000000,0.000000,0.000000,0.000000,1.000000,0.000000,0.000000,0.000000
-12.321080,-17.477379,164.345795,5.000000,0.000000,0.000000,0.000000,1.000000,0.000000,0.000000,0.000000
-13.813056,-9.787606,157.090363,5.000000,0.000000,0.000000,0.000000,1.000000,0.000000,0.000000,0.000000
-15.103933,-13.547098,174.872360,5.000000,0.000000,0.000000,0.000000,1.000000,0.000000,0.000000,0.000000
-12.321080,-17.477379,164.345795,5.000000,0.000000,0.000000,0.000000,1.000000,0.000000,0.000000,0.000000
-6.052807,-5.151453,184.390259,5.000000,0.000000,0.000000,0.000000,1.000000,0.000000,0.000000,0.000000
-6.662285,-21.814510,179.810837,5.000000,0.000000,0.000000,0.000000,1.000000,0.000000,0.000000,0.000000
-15.103933,-13.547098,174.872360,5.000000,0.000000,0.000000,0.000000,1.000000,0.000000,0.000000,0.000000
11.927794,-4.565286,183.794968,5.000000,0.000000,0.000000,0.000000,1.000000,0.000000,0.000000,0.000000
20.857271,-12.374763,173.681778,5.000000,0.000000,0.000000,0.000000,1.000000,0.000000,0.000000,0.000000
13.316161,-21.163214,179.149399,5.000000,0.000000,0.000000,0.000000,1.000000,0.000000,0.000000,0.000000
-13.813056,-9.787606,157.090363,5.000000,0.000000,0.000000,0.000000,1.000000,0.000000,0.000000,0.000000
-17.912291,-4.137401,159.786926,5.000000,0.000000,0.000000,0.000000,1.000000,0.000000,0.000000,0.000000
-15.914448,-4.072271,159.720779,5.000000,0.000000,0.000000,0.000000,1.000000,0.000000,0.000000,0.000000
-13.813056,-9.787606,157.090363,5.000000,0.000000,0.000000,0.000000,1.000000,0.000000,0.000000,0.000000
-12.479396,-5.222521,141.393814,5.000000,0.000000,0.000000,0.000000,1.000000,0.000000,0.000000,0.000000
-17.912291,-4.137401,159.786926,5.000000,0.000000,0.000000,0.000000,1.000000,0.000000,0.000000,0.000000
-16.398510,-0.045763,149.064651,5.000000,0.000000,0.000000,0.000000,1.000000,0.000000,0.000000,0.000000
-12.479396,-5.222521,141.393814,5.000000,0.000000,0.000000,0.000000,1.000000,0.000000,0.000000,0.000000
-14.400665,0.019367,148.998520,5.000000,0.000000,0.000000,0.000000,1.000000,0.000000,0.000000,0.000000
19.562695,1.126572,147.874084,5.000000,0.000000,0.000000,0.000000,1.000000,0.000000,0.000000,0.000000
17.564848,1.061442,147.940216,5.000000,0.000000,0.000000,0.000000,1.000000,0.000000,0.000000,0.000000
15.490429,-4.310706,140.467819,5.000000,0.000000,0.000000,0.000000,1.000000,0.000000,0.000000,0.000000
15.490429,-4.310706,140.467819,5.000000,0.000000,0.000000,0.000000,1.000000,0.000000,0.000000,0.000000
17.564848,1.061442,147.940216,5.000000,0.000000,0.000000,0.000000,1.000000,0.000000,0.000000,0.000000
14.273129,0.820980,138.989990,5.000000,0.000000,0.000000,0.000000,1.000000,0.000000,0.000000,0.000000
18.152456,-8.745532,156.032059,5.000000,0.000000,0.000000,0.000000,1.000000,0.000000,0.000000,0.000000
20.046757,-2.899936,158.530197,5.000000,0.000000,0.000000,0.000000,1.000000,0.000000,0.000000,0.000000
22.044601,-2.834806,158.464035,5.000000,0.000000,0.000000,0.000000,1.000000,0.000000,0.000000,0.000000
12.199537,11.149408,177.239456,5.000000,0.000000,0.000000,0.000000,1.000000,0.000000,0.000000,0.000000
10.615238,16.327705,164.722458,5.000000,0.000000,0.000000,0.000000,1.000000,0.000000,0.000000,0.000000
18.015182,7.222133,167.608551,5.000000,0.000000,0.000000,0.000000,1.000000,0.000000,0.000000,0.000000
-7.778909,10.498112,177.900925,5.000000,0.000000,0.000000,0.000000,1.000000,0.000000,0.000000,0.000000
-13.950332,6.180058,168.666840,5.000000,0.000000,0.000000,0.000000,1.000000,0.000000,0.000000,0.000000
-7.365364,15.741537,165.317764,5.000000,0.000000,0.000000,0.000000,1.000000,0.000000,0.000000,0.000000
15.254709,-20.120090,148.018173,5.000000,0.000000,0.000000,0.000000,1.000000,0.000000,0.000000,0.000000
5.638482,-20.604019,129.222061,5.000000,0.000000,0.000000,0.000000,1.000000,0.000000,0.000000,0.000000
7.207032,-22.986773,144.016037,5.000000,0.000000,0.000000,0.000000,1.000000,0.000000,0.000000,0.000000
-10.717270,-20.966774,148.878036,5.000000,0.000000,0.000000,0.000000,1.000000,0.000000,0.000000,0.000000
-2.782191,-23.312424,144.346771,5.000000,0.000000,0.000000,0.000000,1.000000,0.000000,0.000000,0.000000
-2.352897,-20.864538,129.486618,5.000000,0.000000,0.000000,0.000000,1.000000,0.000000,0.000000,0.000000
-13.950332,6.180058,168.666840,5.000000,0.000000,0.000000,0.000000,1.000000,0.000000,0.000000,0.000000
-6.052807,-5.151453,184.390259,5.000000,0.000000,0.000000,0.000000,1.000000,0.000000,0.000000,0.000000
-15.103933,-13.547098,174.872360,5.000000,0.000000,0.000000,0.000000,1.000000,0.000000,0.000000,0.000000
-6.052807,-5.151453,184.390259,5.000000,0.000000,0.000000,0.000000,1.000000,0.000000,0.000000,0.000000
-13.950332,6.180058,168.666840,5.000000,0.000000,0.000000,0.000000,1.000000,0.000000,0.000000,0.000000
-7.778909,10.498112,177.900925,5.000000,0.000000,0.000000,0.000000,1.000000,0.000000,0.000000,0.000000
9.862302,-28.321884,158.489670,5.000000,0.000000,0.000000,0.000000,1.000000,0.000000,0.000000,0.000000
15.434831,-20.593538,152.992447,5.000000,0.000000,0.000000,0.000000,1.000000,0.000000,0.000000,0.000000
6.532328,-23.871544,153.002808,5.000000,0.000000,0.000000,0.000000,1.000000,0.000000,0.000000,0.000000
15.434831,-20.593538,152.992447,5.000000,0.000000,0.000000,0.000000,1.000000,0.000000,0.000000,0.000000
9.862302,-28.321884,158.489670,5.000000,0.000000,0.000000,0.000000,1.000000,0.000000,0.000000,0.000000
16.643139,-22.029396,157.837891,5.000000,0.000000,0.000000,0.000000,1.000000,0.000000,0.000000,0.000000
15.490429,-4.310706,140.467819,5.000000,0.000000,0.000000,0.000000,1.000000,0.000000,0.000000,0.000000
7.408959,-11.678811,131.012604,5.000000,0.000000,0.000000,0.000000,1.000000,0.000000,0.000000,0.000000
5.638482,-20.604019,129.222061,5.000000,0.000000,0.000000,0.000000,1.000000,0.000000,0.000000,0.000000
7.408959,-11.678811,131.012604,5.000000,0.000000,0.000000,0.000000,1.000000,0.000000,0.000000,0.000000
15.490429,-4.310706,140.467819,5.000000,0.000000,0.000000,0.000000,1.000000,0.000000,0.000000,0.000000
14.273129,0.820980,138.989990,5.000000,0.000000,0.000000,0.000000,1.000000,0.000000,0.000000,0.000000
11.927794,-4.565286,183.794968,5.000000,0.000000,0.000000,0.000000,1.000000,0.000000,0.000000,0.000000
18.015182,7.222133,167.608551,5.000000,0.000000,0.000000,0.000000,1.000000,0.000000,0.000000,0.000000
20.857271,-12.374763,173.681778,5.000000,0.000000,0.000000,0.000000,1.000000,0.000000,0.000000,0.000000
18.015182,7.222133,167.608551,5.000000,0.000000,0.000000,0.000000,1.000000,0.000000,0.000000,0.000000
11.927794,-4.565286,183.794968,5.000000,0.000000,0.000000,0.000000,1.000000,0.000000,0.000000,0.000000
12.199537,11.149408,177.239456,5.000000,0.000000,0.000000,0.000000,1.000000,0.000000,0.000000,0.000000
-2.782191,-23.312424,144.346771,5.000000,0.000000,0.000000,0.000000,1.000000,0.000000,0.000000,0.000000
2.725750,-28.171078,154.741760,5.000000,0.000000,0.000000,0.000000,1.000000,0.000000,0.000000,0.000000
2.417281,-30.114416,143.511078,5.000000,0.000000,0.000000,0.000000,1.000000,0.000000,0.000000,0.000000
2.725750,-28.171078,154.741760,5.000000,0.000000,0.000000,0.000000,1.000000,0.000000,0.000000,0.000000
-2.782191,-23.312424,144.346771,5.000000,0.000000,0.000000,0.000000,1.000000,0.000000,0.000000,0.000000
-1.459051,-24.132063,153.267380,5.000000,0.000000,0.000000,0.000000,1.000000,0.000000,0.000000,0.000000
17.646589,-16.500433,163.353653,5.000000,0.000000,0.000000,0.000000,1.000000,0.000000,0.000000,0.000000
13.484997,-28.033342,177.484222,5.000000,0.000000,0.000000,0.000000,1.000000,0.000000,0.000000,0.000000
20.857271,-12.374763,173.681778,5.000000,0.000000,0.000000,0.000000,1.000000,0.000000,0.000000,0.000000
13.484997,-28.033342,177.484222,5.000000,0.000000,0.000000,0.000000,1.000000,0.000000,0.000000,0.000000
17.646589,-16.500433,163.353653,5.000000,0.000000,0.000000,0.000000,1.000000,0.000000,0.000000,0.000000
12.168615,-26.313417,169.654205,5.000000,0.000000,0.000000,0.000000,1.000000,0.000000,0.000000,0.000000
15.434831,-20.593538,152.992447,5.000000,0.000000,0.000000,0.000000,1.000000,0.000000,0.000000,0.000000
17.646589,-16.500433,163.353653,5.000000,0.000000,0.000000,0.000000,1.000000,0.000000,0.000000,0.000000
18.152456,-8.745532,156.032059,5.000000,0.000000,0.000000,0.000000,1.000000,0.000000,0.000000,0.000000
17.646589,-16.500433,163.353653,5.000000,0.000000,0.000000,0.000000,1.000000,0.000000,0.000000,0.000000
15.434831,-20.593538,152.992447,5.000000,0.000000,0.000000,0.000000,1.000000,0.000000,0.000000,0.000000
16.643139,-22.029396,157.837891,5.000000,0.000000,0.000000,0.000000,1.000000,0.000000,0.000000,0.000000
-6.493449,-28.684639,178.145676,5.000000,0.000000,0.000000,0.000000,1.000000,0.000000,0.000000,0.000000
-12.321080,-17.477379,164.345795,5.000000,0.000000,0.000000,0.000000,1.000000,0.000000,0.000000,0.000000
-15.103933,-13.547098,174.872360,5.000000,0.000000,0.000000,0.000000,1.000000,0.000000,0.000000,0.000000
-12.321080,-17.477379,164.345795,5.000000,0.000000,0.000000,0.000000,1.000000,0.000000,0.000000,0.000000
-6.493449,-28.684639,178.145676,5.000000,0.000000,0.000000,0.000000,1.000000,0.000000,0.000000,0.000000
-5.811986,-26.899584,170.249512,5.000000,0.000000,0.000000,0.000000,1.000000,0.000000,0.000000,0.000000
13.484997,-28.033342,177.484222,5.000000,0.000000,0.000000,0.000000,1.000000,0.000000,0.000000,0.000000
-5.811986,-26.899584,170.249512,5.000000,0.000000,0.000000,0.000000,1.000000,0.000000,0.000000,0.000000
-6.493449,-28.684639,178.145676,5.000000,0.000000,0.000000,0.000000,1.000000,0.000000,0.000000,0.000000
-5.811986,-26.899584,170.249512,5.000000,0.000000,0.000000,0.000000,1.000000,0.000000,0.000000,0.000000
13.484997,-28.033342,177.484222,5.000000,0.000000,0.000000,0.000000,1.000000,0.000000,0.000000,0.000000
12.168615,-26.313417,169.654205,5.000000,0.000000,0.000000,0.000000,1.000000,0.000000,0.000000,0.000000
-6.052807,-5.151453,184.390259,5.000000,0.000000,0.000000,0.000000,1.000000,0.000000,0.000000,0.000000
13.316161,-21.163214,179.149399,5.000000,0.000000,0.000000,0.000000,1.000000,0.000000,0.000000,0.000000
-6.662285,-21.814510,179.810837,5.000000,0.000000,0.000000,0.000000,1.000000,0.000000,0.000000,0.000000
13.316161,-21.163214,179.149399,5.000000,0.000000,0.000000,0.000000,1.000000,0.000000,0.000000,0.000000
-6.052807,-5.151453,184.390259,5.000000,0.000000,0.000000,0.000000,1.000000,0.000000,0.000000,0.000000
11.927794,-4.565286,183.794968,5.000000,0.000000,0.000000,0.000000,1.000000,0.000000,0.000000,0.000000
-2.782191,-23.312424,144.346771,5.000000,0.000000,0.000000,0.000000,1.000000,0.000000,0.000000,0.000000
-10.537149,-21.440224,153.852310,5.000000,0.000000,0.000000,0.000000,1.000000,0.000000,0.000000,0.000000
-1.459051,-24.132063,153.267380,5.000000,0.000000,0.000000,0.000000,1.000000,0.000000,0.000000,0.000000
-10.537149,-21.440224,153.852310,5.000000,0.000000,0.000000,0.000000,1.000000,0.000000,0.000000,0.000000
-2.782191,-23.312424,144.346771,5.000000,0.000000,0.000000,0.000000,1.000000,0.000000,0.000000,0.000000
-10.717270,-20.966774,148.878036,5.000000,0.000000,0.000000,0.000000,1.000000,0.000000,0.000000,0.000000
12.168615,-26.313417,169.654205,5.000000,0.000000,0.000000,0.000000,1.000000,0.000000,0.000000,0.000000
-4.122610,-28.777792,158.952682,5.000000,0.000000,0.000000,0.000000,1.000000,0.000000,0.000000,0.000000
-5.811986,-26.899584,170.249512,5.000000,0.000000,0.000000,0.000000,1.000000,0.000000,0.000000,0.000000
-4.122610,-28.777792,158.952682,5.000000,0.000000,0.000000,0.000000,1.000000,0.000000,0.000000,0.000000
12.168615,-26.313417,169.654205,5.000000,0.000000,0.000000,0.000000,1.000000,0.000000,0.000000,0.000000
9.862302,-28.321884,158.489670,5.000000,0.000000,0.000000,0.000000,1.000000,0.000000,0.000000,0.000000
-17.203794,1.248794,156.253235,5.000000,0.000000,0.000000,0.000000,1.000000,0.000000,0.000000,0.000000
-14.400665,0.019367,148.998520,5.000000,0.000000,0.000000,0.000000,1.000000,0.000000,0.000000,0.000000
-16.168848,1.186669,157.215027,5.000000,0.000000,0.000000,0.000000,1.000000,0.000000,0.000000,0.000000
-14.400665,0.019367,148.998520,5.000000,0.000000,0.000000,0.000000,1.000000,0.000000,0.000000,0.000000
-17.203794,1.248794,156.253235,5.000000,0.000000,0.000000,0.000000,1.000000,0.000000,0.000000,0.000000
-16.398510,-0.045763,149.064651,5.000000,0.000000,0.000000,0.000000,1.000000,0.000000,0.000000,0.000000
20.046757,-2.899936,158.530197,5.000000,0.000000,0.000000,0.000000,1.000000,0.000000,0.000000,0.000000
20.755253,2.486258,154.996506,5.000000,0.000000,0.000000,0.000000,1.000000,0.000000,0.000000,0.000000
22.044601,-2.834806,158.464035,5.000000,0.000000,0.000000,0.000000,1.000000,0.000000,0.000000,0.000000
20.755253,2.486258,154.996506,5.000000,0.000000,0.000000,0.000000,1.000000,0.000000,0.000000,0.000000
20.046757,-2.899936,158.530197,5.000000,0.000000,0.000000,0.000000,1.000000,0.000000,0.000000,0.000000
19.792355,2.359004,156.024429,5.000000,0.000000,0.000000,0.000000,1.000000,0.000000,0.000000,0.000000
2.725750,-28.171078,154.741760,5.000000,0.000000,0.000000,0.000000,1.000000,0.000000,0.000000,0.000000
7.207032,-22.986773,144.016037,5.000000,0.000000,0.000000,0.000000,1.000000,0.000000,0.000000,0.000000
2.417281,-30.114416,143.511078,5.000000,0.000000,0.000000,0.000000,1.000000,0.000000,0.000000,0.000000
7.207032,-22.986773,144.016037,5.000000,0.000000,0.000000,0.000000,1.000000,0.000000,0.000000,0.000000
2.725750,-28.171078,154.741760,5.000000,0.000000,0.000000,0.000000,1.000000,0.000000,0.000000,0.000000
6.532328,-23.871544,153.002808,5.000000,0.000000,0.000000,0.000000,1.000000,0.000000,0.000000,0.000000
17.564848,1.061442,147.940216,5.000000,0.000000,0.000000,0.000000,1.000000,0.000000,0.000000,0.000000
20.755253,2.486258,154.996506,5.000000,0.000000,0.000000,0.000000,1.000000,0.000000,0.000000,0.000000
19.792355,2.359004,156.024429,5.000000,0.000000,0.000000,0.000000,1.000000,0.000000,0.000000,0.000000
20.755253,2.486258,154.996506,5.000000,0.000000,0.000000,0.000000,1.000000,0.000000,0.000000,0.000000
17.564848,1.061442,147.940216,5.000000,0.000000,0.000000,0.000000,1.000000,0.000000,0.000000,0.000000
19.562695,1.126572,147.874084,5.000000,0.000000,0.000000,0.000000,1.000000,0.000000,0.000000,0.000000
-6.493449,-28.684639,178.145676,5.000000,0.000000,0.000000,0.000000,1.000000,0.000000,0.000000,0.000000
13.316161,-21.163214,179.149399,5.000000,0.000000,0.000000,0.000000,1.000000,0.000000,0.000000,0.000000
13.484997,-28.033342,177.484222,5.000000,0.000000,0.000000,0.000000,1.000000,0.000000,0.000000,0.000000
13.316161,-21.163214,179.149399,5.000000,0.000000,0.000000,0.000000,1.000000,0.000000,0.000000,0.000000
-6.493449,-28.684639,178.145676,5.000000,0.000000,0.000000,0.000000,1.000000,0.000000,0.000000,0.000000
-6.662285,-21.814510,179.810837,5.000000,0.000000,0.000000,0.000000,1.000000,0.000000,0.000000,0.000000
-2.352897,-20.864538,129.486618,5.000000,0.000000,0.000000,0.000000,1.000000,0.000000,0.000000,0.000000
7.408959,-11.678811,131.012604,5.000000,0.000000,0.000000,0.000000,1.000000,0.000000,0.000000,0.000000
-4.578108,-12.069589,131.409485,5.000000,0.000000,0.000000,0.000000,1.000000,0.000000,0.000000,0.000000
7.408959,-11.678811,131.012604,5.000000,0.000000,0.000000,0.000000,1.000000,0.000000,0.000000,0.000000
-2.352897,-20.864538,129.486618,5.000000,0.000000,0.000000,0.000000,1.000000,0.000000,0.000000,0.000000
5.638482,-20.604019,129.222061,5.000000,0.000000,0.000000,0.000000,1.000000,0.000000,0.000000,0.000000
15.434831,-20.593538,152.992447,5.000000,0.000000,0.000000,0.000000,1.000000,0.000000,0.000000,0.000000
7.207032,-22.986773,144.016037,5.000000,0.000000,0.000000,0.000000,1.000000,0.000000,0.000000,0.000000
6.532328,-23.871544,153.002808,5.000000,0.000000,0.000000,0.000000,1.000000,0.000000,0.000000,0.000000
7.207032,-22.986773,144.016037,5.000000,0.000000,0.000000,0.000000,1.000000,0.000000,0.000000,0.000000
15.434831,-20.593538,152.992447,5.000000,0.000000,0.000000,0.000000,1.000000,0.000000,0.000000,0.000000
15.254709,-20.120090,148.018173,5.000000,0.000000,0.000000,0.000000,1.000000,0.000000,0.000000,0.000000
-5.080091,14.037197,141.953842,5.000000,0.000000,0.000000,0.000000,1.000000,0.000000,0.000000,0.000000
10.615238,16.327705,164.722458,5.000000,0.000000,0.000000,0.000000,1.000000,0.000000,0.000000,0.000000
-7.365364,15.741537,165.317764,5.000000,0.000000,0.000000,0.000000,1.000000,0.000000,0.000000,0.000000
10.615238,16.327705,164.722458,5.000000,0.000000,0.000000,0.000000,1.000000,0.000000,0.000000,0.000000
-5.080091,14.037197,141.953842,5.000000,0.000000,0.000000,0.000000,1.000000,0.000000,0.000000,0.000000
6.906978,14.427976,141.556976,5.000000,0.000000,0.000000,0.000000,1.000000,0.000000,0.000000,0.000000
6.906978,14.427976,141.556976,5.000000,0.000000,0.000000,0.000000,1.000000,0.000000,0.000000,0.000000
19.792355,2.359004,156.024429,5.000000,0.000000,0.000000,0.000000,1.000000,0.000000,0.000000,0.000000
10.615238,16.327705,164.722458,5.000000,0.000000,0.000000,0.000000,1.000000,0.000000,0.000000,0.000000
19.792355,2.359004,156.024429,5.000000,0.000000,0.000000,0.000000,1.000000,0.000000,0.000000,0.000000
6.906978,14.427976,141.556976,5.000000,0.000000,0.000000,0.000000,1.000000,0.000000,0.000000,0.000000
17.564848,1.061442,147.940216,5.000000,0.000000,0.000000,0.000000,1.000000,0.000000,0.000000,0.000000
-7.365364,15.741537,165.317764,5.000000,0.000000,0.000000,0.000000,1.000000,0.000000,0.000000,0.000000
-14.400665,0.019367,148.998520,5.000000,0.000000,0.000000,0.000000,1.000000,0.000000,0.000000,0.000000
-5.080091,14.037197,141.953842,5.000000,0.000000,0.000000,0.000000,1.000000,0.000000,0.000000,0.000000
-14.400665,0.019367,148.998520,5.000000,0.000000,0.000000,0.000000,1.000000,0.000000,0.000000,0.000000
-7.365364,15.741537,165.317764,5.000000,0.000000,0.000000,0.000000,1.000000,0.000000,0.000000,0.000000
-16.168848,1.186669,157.215027,5.000000,0.000000,0.000000,0.000000,1.000000,0.000000,0.000000,0.000000
-17.203794,1.248794,156.253235,5.000000,0.000000,0.000000,0.000000,1.000000,0.000000,0.000000,0.000000
-15.914448,-4.072271,159.720779,5.000000,0.000000,0.000000,0.000000,1.000000,0.000000,0.000000,0.000000
-17.912291,-4.137401,159.786926,5.000000,0.000000,0.000000,0.000000,1.000000,0.000000,0.000000,0.000000
-15.914448,-4.072271,159.720779,5.000000,0.000000,0.000000,0.000000,1.000000,0.000000,0.000000,0.000000
-17.203794,1.248794,156.253235,5.000000,0.000000,0.000000,0.000000,1.000000,0.000000,0.000000,0.000000
-16.168848,1.186669,157.215027,5.000000,0.000000,0.000000,0.000000,1.000000,0.000000,0.000000,0.000000
-7.778909,10.498112,177.900925,5.000000,0.000000,0.000000,0.000000,1.000000,0.000000,0.000000,0.000000
10.615238,16.327705,164.722458,5.000000,0.000000,0.000000,0.000000,1.000000,0.000000,0.000000,0.000000
12.199537,11.149408,177.239456,5.000000,0.000000,0.000000,0.000000,1.000000,0.000000,0.000000,0.000000
10.615238,16.327705,164.722458,5.000000,0.000000,0.000000,0.000000,1.000000,0.000000,0.000000,0.000000
-7.778909,10.498112,177.900925,5.000000,0.000000,0.000000,0.000000,1.000000,0.000000,0.000000,0.000000
-7.365364,15.741537,165.317764,5.000000,0.000000,0.000000,0.000000,1.000000,0.000000,0.000000,0.000000
20.755253,2.486258,154.996506,5.000000,0.000000,0.000000,0.000000,1.000000,0.000000,0.000000,0.000000
15.490429,-4.310706,140.467819,5.000000,0.000000,0.000000,0.000000,1.000000,0.000000,0.000000,0.000000
22.044601,-2.834806,158.464035,5.000000,0.000000,0.000000,0.000000,1.000000,0.000000,0.000000,0.000000
15.490429,-4.310706,140.467819,5.000000,0.000000,0.000000,0.000000,1.000000,0.000000,0.000000,0.000000
20.755253,2.486258,154.996506,5.000000,0.000000,0.000000,0.000000,1.000000,0.000000,0.000000,0.000000
19.562695,1.126572,147.874084,5.000000,0.000000,0.000000,0.000000,1.000000,0.000000,0.000000,0.000000
-12.479396,-5.222521,141.393814,5.000000,0.000000,0.000000,0.000000,1.000000,0.000000,0.000000,0.000000
-17.203794,1.248794,156.253235,5.000000,0.000000,0.000000,0.000000,1.000000,0.000000,0.000000,0.000000
-17.912291,-4.137401,159.786926,5.000000,0.000000,0.000000,0.000000,1.000000,0.000000,0.000000,0.000000
-17.203794,1.248794,156.253235,5.000000,0.000000,0.000000,0.000000,1.000000,0.000000,0.000000,0.000000
-12.479396,-5.222521,141.393814,5.000000,0.000000,0.000000,0.000000,1.000000,0.000000,0.000000,0.000000
-16.398510,-0.045763,149.064651,5.000000,0.000000,0.000000,0.000000,1.000000,0.000000,0.000000,0.000000
19.792355,2.359004,156.024429,5.000000,0.000000,0.000000,0.000000,1.000000,0.000000,0.000000,0.000000
20.857271,-12.374763,173.681778,5.000000,0.000000,0.000000,0.000000,1.000000,0.000000,0.000000,0.000000
18.015182,7.222133,167.608551,5.000000,0.000000,0.000000,0.000000,1.000000,0.000000,0.000000,0.000000
20.857271,-12.374763,173.681778,5.000000,0.000000,0.000000,0.000000,1.000000,0.000000,0.000000,0.000000
19.792355,2.359004,156.024429,5.000000,0.000000,0.000000,0.000000,1.000000,0.000000,0.000000,0.000000
20.046757,-2.899936,158.530197,5.000000,0.000000,0.000000,0.000000,1.000000,0.000000,0.000000,0.000000
-15.103933,-13.547098,174.872360,5.000000,0.000000,0.000000,0.000000,1.000000,0.000000,0.000000,0.000000
-16.168848,1.186669,157.215027,5.000000,0.000000,0.000000,0.000000,1.000000,0.000000,0.000000,0.000000
-13.950332,6.180058,168.666840,5.000000,0.000000,0.000000,0.000000,1.000000,0.000000,0.000000,0.000000
-16.168848,1.186669,157.215027,5.000000,0.000000,0.000000,0.000000,1.000000,0.000000,0.000000,0.000000
-15.103933,-13.547098,174.872360,5.000000,0.000000,0.000000,0.000000,1.000000,0.000000,0.000000,0.000000
-15.914448,-4.072271,159.720779,5.000000,0.000000,0.000000,0.000000,1.000000,0.000000,0.000000,0.000000
-12.321080,-17.477379,164.345795,5.000000,0.000000,0.000000,0.000000,1.000000,0.000000,0.000000,0.000000
-10.537149,-21.440224,153.852310,5.000000,0.000000,0.000000,0.000000,1.000000,0.000000,0.000000,0.000000
-13.813056,-9.787606,157.090363,5.000000,0.000000,0.000000,0.000000,1.000000,0.000000,0.000000,0.000000
-10.537149,-21.440224,153.852310,5.000000,0.000000,0.000000,0.000000,1.000000,0.000000,0.000000,0.000000
-12.321080,-17.477379,164.345795,5.000000,0.000000,0.000000,0.000000,1.000000,0.000000,0.000000,0.000000
-11.326685,-22.941210,158.763901,5.000000,0.000000,0.000000,0.000000,1.000000,0.000000,0.000000,0.000000
12.199537,11.149408,177.239456,5.000000,0.000000,0.000000,0.000000,1.000000,0.000000,0.000000,0.000000
-6.052807,-5.151453,184.390259,5.000000,0.000000,0.000000,0.000000,1.000000,0.000000,0.000000,0.000000
-7.778909,10.498112,177.900925,5.000000,0.000000,0.000000,0.000000,1.000000,0.000000,0.000000,0.000000
-6.052807,-5.151453,184.390259,5.000000,0.000000,0.000000,0.000000,1.000000,0.000000,0.000000,0.000000
12.199537,11.149408,177.239456,5.000000,0.000000,0.000000,0.000000,1.000000,0.000000,0.000000,0.000000
11.927794,-4.565286,183.794968,5.000000,0.000000,0.000000,0.000000,1.000000,0.000000,0.000000,0.000000
-10.537149,-21.440224,153.852310,5.000000,0.000000,0.000000,0.000000,1.000000,0.000000,0.000000,0.000000
-4.122610,-28.777792,158.952682,5.000000,0.000000,0.000000,0.000000,1.000000,0.000000,0.000000,0.000000
-1.459051,-24.132063,153.267380,5.000000,0.000000,0.000000,0.000000,1.000000,0.000000,0.000000,0.000000
-4.122610,-28.777792,158.952682,5.000000,0.000000,0.000000,0.000000,1.000000,0.000000,0.000000,0.000000
-10.537149,-21.440224,153.852310,5.000000,0.000000,0.000000,0.000000,1.000000,0.000000,0.000000,0.000000
-11.326685,-22.941210,158.763901,5.000000,0.000000,0.000000,0.000000,1.000000,0.000000,0.000000,0.000000
-4.578108,-12.069589,131.409485,5.000000,0.000000,0.000000,0.000000,1.000000,0.000000,0.000000,0.000000
-12.479396,-5.222521,141.393814,5.000000,0.000000,0.000000,0.000000,1.000000,0.000000,0.000000,0.000000
-2.352897,-20.864538,129.486618,5.000000,0.000000,0.000000,0.000000,1.000000,0.000000,0.000000,0.000000
-12.479396,-5.222521,141.393814,5.000000,0.000000,0.000000,0.000000,1.000000,0.000000,0.000000,0.000000
-4.578108,-12.069589,131.409485,5.000000,0.000000,0.000000,0.000000,1.000000,0.000000,0.000000,0.000000
-11.698851,-0.025706,139.849854,5.000000,0.000000,0.000000,0.000000,1.000000,0.000000,0.000000,0.000000
48.829659,14.739981,-11.554763,21.000000,0.000000,0.000000,0.000000,1.000000,0.000000,0.000000,0.000000
48.829659,14.739981,-11.554763,21.000000,0.000000,0.000000,0.000000,1.000000,0.000000,0.000000,0.000000
48.829659,14.739981,-11.554763,21.000000,0.000000,0.000000,0.000000,1.000000,0.000000,0.000000,0.000000
48.829659,14.739981,-11.554763,21.000000,0.000000,0.000000,0.000000,1.000000,0.000000,0.000000,0.000000
48.829659,14.739981,-11.554763,21.000000,0.000000,0.000000,0.000000,1.000000,0.000000,0.000000,0.000000
48.829659,14.739981,-11.554763,21.000000,0.000000,0.000000,0.000000,1.000000,0.000000,0.000000,0.000000
48.829659,14.739981,-11.554763,21.000000,0.000000,0.000000,0.000000,1.000000,0.000000,0.000000,0.000000
48.829659,14.739981,-11.554763,21.000000,0.000000,0.000000,0.000000,1.000000,0.000000,0.000000,0.000000
48.829659,14.739981,-11.554763,21.000000,0.000000,0.000000,0.000000,1.000000,0.000000,0.000000,0.000000
48.829659,14.739981,-11.554763,21.000000,0.000000,0.000000,0.000000,1.000000,0.000000,0.000000,0.000000
48.829659,14.739981,-11.554763,21.000000,0.000000,0.000000,0.000000,1.000000,0.000000,0.000000,0.000000
48.829659,14.739981,-11.554763,21.000000,0.000000,0.000000,0.000000,1.000000,0.000000,0.000000,0.000000
48.829659,14.739981,-11.554763,21.000000,0.000000,0.000000,0.000000,1.000000,0.000000,0.000000,0.000000
48.829659,14.739981,-11.554763,21.000000,0.000000,0.000000,0.000000,1.000000,0.000000,0.000000,0.000000
48.829659,14.739981,-11.554763,21.000000,0.000000,0.000000,0.000000,1.000000,0.000000,0.000000,0.000000
48.829659,14.739981,-11.554763,21.000000,0.000000,0.000000,0.000000,1.000000,0.000000,0.000000,0.000000
48.829659,14.739981,-11.554763,21.000000,0.000000,0.000000,0.000000,1.000000,0.000000,0.000000,0.000000
48.829659,14.739981,-11.554763,21.000000,0.000000,0.000000,0.000000,1.000000,0.000000,0.000000,0.000000
48.829659,14.739981,-11.554763,21.000000,0.000000,0.000000,0.000000,1.000000,0.000000,0.000000,0.000000
48.829659,14.739981,-11.554763,21.000000,0.000000,0.000000,0.000000,1.000000,0.000000,0.000000,0.000000
48.829659,14.739981,-11.554763,21.000000,0.000000,0.000000,0.000000,1.000000,0.000000,0.000000,0.000000
48.829659,14.739981,-11.554763,21.000000,0.000000,0.000000,0.000000,1.000000,0.000000,0.000000,0.000000
48.829659,14.739981,-11.554763,21.000000,0.000000,0.000000,0.000000,1.000000,0.000000,0.000000,0.000000
48.829659,14.739981,-11.554763,21.000000,0.000000,0.000000,0.000000,1.000000,0.000000,0.000000,0.000000
48.829659,14.739981,-11.554763,21.000000,0.000000,0.000000,0.000000,1.000000,0.000000,0.000000,0.000000
48.829659,14.739981,-11.554763,21.000000,0.000000,0.000000,0.000000,1.000000,0.000000,0.000000,0.000000
48.829659,14.739981,-11.554763,21.000000,0.000000,0.000000,0.000000,1.000000,0.000000,0.000000,0.000000
48.829659,14.739981,-11.554763,21.000000,0.000000,0.000000,0.000000,1.000000,0.000000,0.000000,0.000000
48.829659,14.739981,-11.554763,21.000000,0.000000,0.000000,0.000000,1.000000,0.000000,0.000000,0.000000
48.829659,14.739981,-11.554763,21.000000,0.000000,0.000000,0.000000,1.000000,0.000000,0.000000,0.000000
48.829659,14.739981,-11.554763,21.000000,0.000000,0.000000,0.000000,1.000000,0.000000,0.000000,0.000000
48.829659,14.739981,-11.554763,21.000000,0.000000,0.000000,0.000000,1.000000,0.000000,0.000000,0.000000
48.829659,14.739981,-11.554763,21.000000,0.000000,0.000000,0.000000,1.000000,0.000000,0.000000,0.000000
48.829659,14.739981,-11.554763,21.000000,0.000000,0.000000,0.000000,1.000000,0.000000,0.000000,0.000000
48.829659,14.739981,-11.554763,21.000000,0.000000,0.000000,0.000000,1.000000,0.000000,0.000000,0.000000
48.829659,14.739981,-11.554763,21.000000,0.000000,0.000000,0.000000,1.000000,0.000000,0.000000,0.000000
48.829659,14.739981,-11.554763,21.000000,0.000000,0.000000,0.000000,1.000000,0.000000,0.000000,0.000000
48.829659,14.739981,-11.554763,21.000000,0.000000,0.000000,0.000000,1.000000,0.000000,0.000000,0.000000
48.829659,14.739981,-11.554763,21.000000,0.000000,0.000000,0.000000,1.000000,0.000000,0.000000,0.000000
48.829659,14.739981,-11.554763,21.000000,0.000000,0.000000,0.000000,1.000000,0.000000,0.000000,0.000000
48.829659,14.739981,-11.554763,21.000000,0.000000,0.000000,0.000000,1.000000,0.000000,0.000000,0.000000
48.829659,14.739981,-11.554763,21.000000,0.000000,0.000000,0.000000,1.000000,0.000000,0.000000,0.000000
48.829659,14.739981,-11.554763,21.000000,0.000000,0.000000,0.000000,1.000000,0.000000,0.000000,0.000000
48.829659,14.739981,-11.554763,21.000000,0.000000,0.000000,0.000000,1.000000,0.000000,0.000000,0.000000
48.829659,14.739981,-11.554763,21.000000,0.000000,0.000000,0.000000,1.000000,0.000000,0.000000,0.000000
48.829659,14.739981,-11.554763,21.000000,0.000000,0.000000,0.000000,1.000000,0.000000,0.000000,0.000000
48.829659,14.739981,-11.554763,21.000000,0.000000,0.000000,0.000000,1.000000,0.000000,0.000000,0.000000
48.829659,14.739981,-11.554763,21.000000,0.000000,0.000000,0.000000,1.000000,0.000000,0.000000,0.000000
48.829659,14.739981,-11.554763,21.000000,0.000000,0.000000,0.000000,1.000000,0.000000,0.000000,0.000000
48.829659,14.739981,-11.554763,21.000000,0.000000,0.000000,0.000000,1.000000,0.000000,0.000000,0.000000
48.829659,14.739981,-11.554763,21.000000,0.000000,0.000000,0.000000,1.000000,0.000000,0.000000,0.000000
48.829659,14.739981,-11.554763,21.000000,0.000000,0.000000,0.000000,1.000000,0.000000,0.000000,0.000000
48.829659,14.739981,-11.554763,21.000000,0.000000,0.000000,0.000000,1.000000,0.000000,0.000000,0.000000
48.829659,14.739981,-11.554763,21.000000,0.000000,0.000000,0.000000,1.000000,0.000000,0.000000,0.000000
48.829659,14.739981,-11.554763,21.000000,0.000000,0.000000,0.000000,1.000000,0.000000,0.000000,0.000000
48.829659,14.739981,-11.554763,21.000000,0.000000,0.000000,0.000000,1.000000,0.000000,0.000000,0.000000
48.829659,14.739981,-11.554763,21.000000,0.000000,0.000000,0.000000,1.000000,0.000000,0.000000,0.000000
48.829659,14.739981,-11.554763,21.000000,0.000000,0.000000,0.000000,1.000000,0.000000,0.000000,0.000000
48.829659,14.739981,-11.554763,21.000000,0.000000,0.000000,0.000000,1.000000,0.000000,0.000000,0.000000
48.829659,14.739981,-11.554763,21.000000,0.000000,0.000000,0.000000,1.000000,0.000000,0.000000,0.000000
48.829659,14.739981,-11.554763,21.000000,0.000000,0.000000,0.000000,1.000000,0.000000,0.000000,0.000000
48.829659,14.739981,-11.554763,21.000000,0.000000,0.000000,0.000000,1.000000,0.000000,0.000000,0.000000
48.829659,14.739981,-11.554763,21.000000,0.000000,0.000000,0.000000,1.000000,0.000000,0.000000,0.000000
48.829659,14.739981,-11.554763,21.000000,0.000000,0.000000,0.000000,1.000000,0.000000,0.000000,0.000000
48.829659,14.739981,-11.554763,21.000000,0.000000,0.000000,0.000000,1.000000,0.000000,0.000000,0.000000
48.829659,14.739981,-11.554763,21.000000,0.000000,0.000000,0.000000,1.000000,0.000000,0.000000,0.000000
48.829659,14.739981,-11.554763,21.000000,0.000000,0.000000,0.000000,1.000000,0.000000,0.000000,0.000000
48.829659,14.739981,-11.554763,21.000000,0.000000,0.000000,0.000000,1.000000,0.000000,0.000000,0.000000
48.829659,14.739981,-11.554763,21.000000,0.000000,0.000000,0.000000,1.000000,0.000000,0.000000,0.000000
48.829659,14.739981,-11.554763,21.000000,0.000000,0.000000,0.000000,1.000000,0.000000,0.000000,0.000000
48.829659,14.739981,-11.554763,21.000000,0.000000,0.000000,0.000000,1.000000,0.000000,0.000000,0.000000
48.829659,14.739981,-11.554763,21.000000,0.000000,0.000000,0.000000,1.000000,0.000000,0.000000,0.000000
48.829659,14.739981,-11.554763,21.000000,0.000000,0.000000,0.000000,1.000000,0.000000,0.000000,0.000000
48.829659,14.739981,-11.554763,21.000000,0.000000,0.000000,0.000000,1.000000,0.000000,0.000000,0.000000
48.829659,14.739981,-11.554763,21.000000,0.000000,0.000000,0.000000,1.000000,0.000000,0.000000,0.000000
48.829659,14.739981,-11.554763,21.000000,0.000000,0.000000,0.000000,1.000000,0.000000,0.000000,0.000000
48.829659,14.739981,-11.554763,21.000000,0.000000,0.000000,0.000000,1.000000,0.000000,0.000000,0.000000
48.829659,14.739981,-11.554763,21.000000,0.000000,0.000000,0.000000,1.000000,0.000000,0.000000,0.000000
48.829659,14.739981,-11.554763,21.000000,0.000000,0.000000,0.000000,1.000000,0.000000,0.000000,0.000000
48.829659,14.739981,-11.554763,21.000000,0.000000,0.000000,0.000000,1.000000,0.000000,0.000000,0.000000
48.829659,14.739981,-11.554763,21.000000,0.000000,0.000000,0.000000,1.000000,0.000000,0.000000,0.000000
48.829659,14.739981,-11.554763,21.000000,0.000000,0.000000,0.000000,1.000000,0.000000,0.000000,0.000000
48.829659,14.739981,-11.554763,21.000000,0.000000,0.000000,0.000000,1.000000,0.000000,0.000000,0.000000
48.829659,14.739981,-11.554763,21.000000,0.000000,0.000000,0.000000,1.000000,0.000000,0.000000,0.000000
48.829659,14.739981,-11.554763,21.000000,0.000000,0.000000,0.000000,1.000000,0.000000,0.000000,0.000000
48.829659,14.739981,-11.554763,21.000000,0.000000,0.000000,0.000000,1.000000,0.000000,0.000000,0.000000
48.829659,14.739981,-11.554763,21.000000,0.000000,0.000000,0.000000,1.000000,0.000000,0.000000,0.000000
48.829659,14.739981,-11.554763,21.000000,0.000000,0.000000,0.000000,1.000000,0.000000,0.000000,0.000000
48.829659,14.739981,-11.554763,21.000000,0.000000,0.000000,0.000000,1.000000,0.000000,0.000000,0.000000
48.829659,14.739981,-11.554763,21.000000,0.000000,0.000000,0.000000,1.000000,0.000000,0.000000,0.000000
48.829659,14.739981,-11.554763,21.000000,0.000000,0.000000,0.000000,1.000000,0.000000,0.000000,0.000000
48.829659,14.739981,-11.554763,21.000000,0.000000,0.000000,0.000000,1.000000,0.000000,0.000000,0.000000
48.829659,14.739981,-11.554763,21.000000,0.000000,0.000000,0.000000,1.000000,0.000000,0.000000,0.000000
48.829659,14.739981,-11.554763,21.000000,0.000000,0.000000,0.000000,1.000000,0.000000,0.000000,0.000000
48.829659,14.739981,-11.554763,21.000000,0.000000,0.000000,0.000000,1.000000,0.000000,0.000000,0.000000
48.829659,14.739981,-11.554763,21.000000,0.000000,0.000000,0.000000,1.000000,0.000000,0.000000,0.000000
48.829659,14.739981,-11.554763,21.000000,0.000000,0.000000,0.000000,1.000000,0.000000,0.000000,0.000000
48.829659,14.739981,-11.554763,21.000000,0.000000,0.000000,0.000000,1.000000,0.000000,0.000000,0.000000
48.829659,14.739981,-11.554763,21.000000,0.000000,0.000000,0.000000,1.000000,0.000000,0.000000,0.000000
48.829659,14.739981,-11.554763,21.000000,0.000000,0.000000,0.000000,1.000000,0.000000,0.000000,0.000000
48.829659,14.739981,-11.554763,21.000000,0.000000,0.000000,0.000000,1.000000,0.000000,0.000000,0.000000
48.829659,14.739981,-11.554763,21.000000,0.000000,0.000000,0.000000,1.000000,0.000000,0.000000,0.000000
48.829659,14.739981,-11.554763,21.000000,0.000000,0.000000,0.000000,1.000000,0.000000,0.000000,0.000000
48.829659,14.739981,-11.554763,21.000000,0.000000,0.000000,0.000000,1.000000,0.000000,0.000000,0.000000
48.829659,14.739981,-11.554763,21.000000,0.000000,0.000000,0.000000,1.000000,0.000000,0.000000,0.000000
48.829659,14.739981,-11.554763,21.000000,0.000000,0.000000,0.000000,1.000000,0.000000,0.000000,0.000000
48.829659,14.739981,-11.554763,21.000000,0.000000,0.000000,0.000000,1.000000,0.000000,0.000000,0.000000
48.829659,14.739981,-11.554763,21.000000,0.000000,0.000000,0.000000,1.000000,0.000000,0.000000,0.000000
48.829659,14.739981,-11.554763,21.000000,0.000000,0.000000,0.000000,1.000000,0.000000,0.000000,0.000000
48.829659,14.739981,-11.554763,21.000000,0.000000,0.000000,0.000000,1.000000,0.000000,0.000000,0.000000
48.829659,14.739981,-11.554763,21.000000,0.000000,0.000000,0.000000,1.000000,0.000000,0.000000,0.000000
48.829659,14.739981,-11.554763,21.000000,0.000000,0.000000,0.000000,1.000000,0.000000,0.000000,0.000000
48.829659,14.739981,-11.554763,21.000000,0.000000,0.000000,0.000000,1.000000,0.000000,0.000000,0.000000
48.829659,14.739981,-11.554763,21.000000,0.000000,0.000000,0.000000,1.000000,0.000000,0.000000,0.000000
48.829659,14.739981,-11.554763,21.000000,0.000000,0.000000,0.000000,1.000000,0.000000,0.000000,0.000000
48.829659,14.739981,-11.554763,21.000000,0.000000,0.000000,0.000000,1.000000,0.000000,0.000000,0.000000
48.829659,14.739981,-11.554763,21.000000,0.000000,0.000000,0.000000,1.000000,0.000000,0.000000,0.000000
48.829659,14.739981,-11.554763,21.000000,0.000000,0.000000,0.000000,1.000000,0.000000,0.000000,0.000000
48.829659,14.739981,-11.554763,21.000000,0.000000,0.000000,0.000000,1.000000,0.000000,0.000000,0.000000
48.829659,14.739981,-11.554763,21.000000,0.000000,0.000000,0.000000,1.000000,0.000000,0.000000,0.000000
48.829659,14.739981,-11.554763,21.000000,0.000000,0.000000,0.000000,1.000000,0.000000,0.000000,0.000000
48.829659,14.739981,-11.554763,21.000000,0.000000,0.000000,0.000000,1.000000,0.000000,0.000000,0.000000
48.829659,14.739981,-11.554763,21.000000,0.000000,0.000000,0.000000,1.000000,0.000000,0.000000,0.000000
48.829659,14.739981,-11.554763,21.000000,0.000000,0.000000,0.000000,1.000000,0.000000,0.000000,0.000000
48.829659,14.739981,-11.554763,21.000000,0.000000,0.000000,0.000000,1.000000,0.000000,0.000000,0.000000
48.829659,14.739981,-11.554763,21.000000,0.000000,0.000000,0.000000,1.000000,0.000000,0.000000,0.000000
48.829659,14.739981,-11.554763,21.000000,0.000000,0.000000,0.000000,1.000000,0.000000,0.000000,0.000000
48.829659,14.739981,-11.554763,21.000000,0.000000,0.000000,0.000000,1.000000,0.000000,0.000000,0.000000
48.829659,14.739981,-11.554763,21.000000,0.000000,0.000000,0.000000,1.000000,0.000000,0.000000,0.000000
48.829659,14.739981,-11.554763,21.000000,0.000000,0.000000,0.000000,1.000000,0.000000,0.000000,0.000000
48.829659,14.739981,-11.554763,21.000000,0.000000,0.000000,0.000000,1.000000,0.000000,0.000000,0.000000
48.829659,14.739981,-11.554763,21.000000,0.000000,0.000000,0.000000,1.000000,0.000000,0.000000,0.000000
48.829659,14.739981,-11.554763,21.000000,0.000000,0.000000,0.000000,1.000000,0.000000,0.000000,0.000000
48.829659,14.739981,-11.554763,21.000000,0.000000,0.000000,0.000000,1.000000,0.000000,0.000000,0.000000
48.829659,14.739981,-11.554763,21.000000,0.000000,0.000000,0.000000,1.000000,0.000000,0.000000,0.000000
48.829659,14.739981,-11.554763,21.000000,0.000000,0.000000,0.000000,1.000000,0.000000,0.000000,0.000000
48.829659,14.739981,-11.554763,21.000000,0.000000,0.000000,0.000000,1.000000,0.000000,0.000000,0.000000
48.829659,14.739981,-11.554763,21.000000,0.000000,0.000000,0.000000,1.000000,0.000000,0.000000,0.000000
48.829659,14.739981,-11.554763,21.000000,0.000000,0.000000,0.000000,1.000000,0.000000,0.000000,0.000000
48.829659,14.739981,-11.554763,21.000000,0.000000,0.000000,0.000000,1.000000,0.000000,0.000000,0.000000
48.829659,14.739981,-11.554763,21.000000,0.000000,0.000000,0.000000,1.000000,0.000000,0.000000,0.000000
48.829659,14.739981,-11.554763,21.000000,0.000000,0.000000,0.000000,1.000000,0.000000,0.000000,0.000000
48.829659,14.739981,-11.554763,21.000000,0.000000,0.000000,0.000000,1.000000,0.000000,0.000000,0.000000
48.829659,14.739981,-11.554763,21.000000,0.000000,0.000000,0.000000,1.000000,0.000000,0.000000,0.000000
48.829659,14.739981,-11.554763,21.000000,0.000000,0.000000,0.000000,1.000000,0.000000,0.000000,0.000000
48.829659,14.739981,-11.554763,21.000000,0.000000,0.000000,0.000000,1.000000,0.000000,0.000000,0.000000
48.829659,14.739981,-11.554763,21.000000,0.000000,0.000000,0.000000,1.000000,0.000000,0.000000,0.000000
48.829659,14.739981,-11.554763,21.000000,0.000000,0.000000,0.000000,1.000000,0.000000,0.000000,0.000000
48.829659,14.739981,-11.554763,21.000000,0.000000,0.000000,0.000000,1.000000,0.000000,0.000000,0.000000
48.829659,14.739981,-11.554763,21.000000,0.000000,0.000000,0.000000,1.000000,0.000000,0.000000,0.000000
48.829659,14.739981,-11.554763,21.000000,0.000000,0.000000,0.000000,1.000000,0.000000,0.000000,0.000000
48.829659,14.739981,-11.554763,21.000000,0.000000,0.000000,0.000000,1.000000,0.000000,0.000000,0.000000
48.829659,14.739981,-11.554763,21.000000,0.000000,0.000000,0.000000,1.000000,0.000000,0.000000,0.000000
48.829659,14.739981,-11.554763,21.000000,0.000000,0.000000,0.000000,1.000000,0.000000,0.000000,0.000000
48.829659,14.739981,-11.554763,21.000000,0.000000,0.000000,0.000000,1.000000,0.000000,0.000000,0.000000
48.829659,14.739981,-11.554763,21.000000,0.000000,0.000000,0.000000,1.000000,0.000000,0.000000,0.000000
48.829659,14.739981,-11.554763,21.000000,0.000000,0.000000,0.000000,1.000000,0.000000,0.000000,0.000000
48.829659,14.739981,-11.554763,21.000000,0.000000,0.000000,0.000000,1.000000,0.000000,0.000000,0.000000
48.829659,14.739981,-11.554763,21.000000,0.000000,0.000000,0.000000,1.000000,0.000000,0.000000,0.000000
48.829659,14.739981,-11.554763,21.000000,0.000000,0.000000,0.000000,1.000000,0.000000,0.000000,0.000000
48.829659,14.739981,-11.554763,21.000000,0.000000,0.000000,0.000000,1.000000,0.000000,0.000000,0.000000
48.829659,14.739981,-11.554763,21.000000,0.000000,0.000000,0.000000,1.000000,0.000000,0.000000,0.000000
48.829659,14.739981,-11.554763,21.000000,0.000000,0.000000,0.000000,1.000000,0.000000,0.000000,0.000000
48.829659,14.739981,-11.554763,21.000000,0.000000,0.000000,0.000000,1.000000,0.000000,0.000000,0.000000
48.829659,14.739981,-11.554763,21.000000,0.000000,0.000000,0.000000,1.000000,0.000000,0.000000,0.000000
48.829659,14.739981,-11.554763,21.000000,0.000000,0.000000,0.000000,1.000000,0.000000,0.000000,0.000000
48.829659,14.739981,-11.554763,21.000000,0.000000,0.000000,0.000000,1.000000,0.000000,0.000000,0.000000
48.829659,14.739981,-11.554763,21.000000,0.000000,0.000000,0.000000,1.000000,0.000000,0.000000,0.000000
48.829659,14.739981,-11.554763,21.000000,0.000000,0.000000,0.000000,1.000000,0.000000,0.000000,0.000000
48.829659,14.739981,-11.554763,21.000000,0.000000,0.000000,0.000000,1.000000,0.000000,0.000000,0.000000
48.829659,14.739981,-11.554763,21.000000,0.000000,0.000000,0.000000,1.000000,0.000000,0.000000,0.000000
48.829659,14.739981,-11.554763,21.000000,0.000000,0.000000,0.000000,1.000000,0.000000,0.000000,0.000000
48.829659,14.739981,-11.554763,21.000000,0.000000,0.000000,0.000000,1.000000,0.000000,0.000000,0.000000
48.829659,14.739981,-11.554763,21.000000,0.000000,0.000000,0.000000,1.000000,0.000000,0.000000,0.000000
48.829659,14.739981,-11.554763,21.000000,0.000000,0.000000,0.000000,1.000000,0.000000,0.000000,0.000000
48.829659,14.739981,-11.554763,21.000000,0.000000,0.000000,0.000000,1.000000,0.000000,0.000000,0.000000
48.829659,14.739981,-11.554763,21.000000,0.000000,0.000000,0.000000,1.000000,0.000000,0.000000,0.000000
48.829659,14.739981,-11.554763,21.000000,0.000000,0.000000,0.000000,1.000000,0.000000,0.000000,0.000000
48.829659,14.739981,-11.554763,21.000000,0.000000,0.000000,0.000000,1.000000,0.000000,0.000000,0.000000
48.829659,14.739981,-11.554763,21.000000,0.000000,0.000000,0.000000,1.000000,0.000000,0.000000,0.000000
48.829659,14.739981,-11.554763,21.000000,0.000000,0.000000,0.000000,1.000000,0.000000,0.000000,0.000000
48.829659,14.739981,-11.554763,21.000000,0.000000,0.000000,0.000000,1.000000,0.000000,0.000000,0.000000
48.829659,14.739981,-11.554763,21.000000,0.000000,0.000000,0.000000,1.000000,0.000000,0.000000,0.000000
48.829659,14.739981,-11.554763,21.000000,0.000000,0.000000,0.000000,1.000000,0.000000,0.000000,0.000000
48.829659,14.739981,-11.554763,21.000000,0.000000,0.000000,0.000000,1.000000,0.000000,0.000000,0.000000
48.829659,14.739981,-11.554763,21.000000,0.000000,0.000000,0.000000,1.000000,0.000000,0.000000,0.000000
48.829659,14.739981,-11.554763,21.000000,0.000000,0.000000,0.000000,1.000000,0.000000,0.000000,0.000000
48.829659,14.739981,-11.554763,21.000000,0.000000,0.000000,0.000000,1.000000,0.000000,0.000000,0.000000
48.829659,14.739981,-11.554763,21.000000,0.000000,0.000000,0.000000,1.000000,0.000000,0.000000,0.000000
48.829659,14.739981,-11.554763,21.000000,0.000000,0.000000,0.000000,1.000000,0.000000,0.000000,0.000000
48.829659,14.739981,-11.554763,21.000000,0.000000,0.000000,0.000000,1.000000,0.000000,0.000000,0.000000
48.829659,14.739981,-11.554763,21.000000,0.000000,0.000000,0.000000,1.000000,0.000000,0.000000,0.000000
48.829659,14.739981,-11.554763,21.000000,0.000000,0.000000,0.000000,1.000000,0.000000,0.000000,0.000000
48.829659,14.739981,-11.554763,21.000000,0.000000,0.000000,0.000000,1.000000,0.000000,0.000000,0.000000
48.829659,14.739981,-11.554763,21.000000,0.000000,0.000000,0.000000,1.000000,0.000000,0.000000,0.000000
48.829659,14.739981,-11.554763,21.000000,0.000000,0.000000,0.000000,1.000000,0.000000,0.000000,0.000000
48.829659,14.739981,-11.554763,21.000000,0.000000,0.000000,0.000000,1.000000,0.000000,0.000000,0.000000
48.829659,14.739981,-11.554763,21.000000,0.000000,0.000000,0.000000,1.000000,0.000000,0.000000,0.000000
48.829659,14.739981,-11.554763,21.000000,0.000000,0.000000,0.000000,1.000000,0.000000,0.000000,0.000000
48.829659,14.739981,-11.554763,21.000000,0.000000,0.000000,0.000000,1.000000,0.000000,0.000000,0.000000
48.829659,14.739981,-11.554763,21.000000,0.000000,0.000000,0.000000,1.000000,0.000000,0.000000,0.000000
48.829659,14.739981,-11.554763,21.000000,0.000000,0.000000,0.000000,1.000000,0.000000,0.000000,0.000000
48.829659,14.739981,-11.554763,21.000000,0.000000,0.000000,0.000000,1.000000,0.000000,0.000000,0.000000
48.829659,14.739981,-11.554763,21.000000,0.000000,0.000000,0.000000,1.000000,0.000000,0.000000,0.000000
48.829659,14.739981,-11.554763,21.000000,0.000000,0.000000,0.000000,1.000000,0.000000,0.000000,0.000000
48.829659,14.739981,-11.554763,21.000000,0.000000,0.000000,0.000000,1.000000,0.000000,0.000000,0.000000
48.829659,14.739981,-11.554763,21.000000,0.000000,0.000000,0.000000,1.000000,0.000000,0.000000,0.000000
48.829659,14.739981,-11.554763,21.000000,0.000000,0.000000,0.000000,1.000000,0.000000,0.000000,0.000000
48.829659,14.739981,-11.554763,21.000000,0.000000,0.000000,0.000000,1.000000,0.000000,0.000000,0.000000
48.829659,14.739981,-11.554763,21.000000,0.000000,0.000000,0.000000,1.000000,0.000000,0.000000,0.000000
48.829659,14.739981,-11.554763,21.000000,0.000000,0.000000,0.000000,1.000000,0.000000,0.000000,0.000000
48.829659,14.739981,-11.554763,21.000000,0.000000,0.000000,0.000000,1.000000,0.000000,0.000000,0.000000
48.829659,14.739981,-11.554763,21.000000,0.000000,0.000000,0.000000,1.000000,0.000000,0.000000,0.000000
48.829659,14.739981,-11.554763,21.000000,0.000000,0.000000,0.000000,1.000000,0.000000,0.000000,0.000000
48.829659,14.739981,-11.554763,21.000000,0.000000,0.000000,0.000000,1.000000,0.000000,0.000000,0.000000
48.829659,14.739981,-11.554763,21.000000,0.000000,0.000000,0.000000,1.000000,0.000000,0.000000,0.000000
48.829659,14.739981,-11.554763,21.000000,0.000000,0.000000,0.000000,1.000000,0.000000,0.000000,0.000000
48.829659,14.739981,-11.554763,21.000000,0.000000,0.000000,0.000000,1.000000,0.000000,0.000000,0.000000
48.829659,14.739981,-11.554763,21.000000,0.000000,0.000000,0.000000,1.000000,0.000000,0.000000,0.000000
48.829659,14.739981,-11.554763,21.000000,0.000000,0.000000,0.000000,1.000000,0.000000,0.000000,0.000000
48.829659,14.739981,-11.554763,21.000000,0.000000,0.000000,0.000000,1.000000,0.000000,0.000000,0.000000
48.829659,14.739981,-11.554763,21.000000,0.000000,0.000000,0.000000,1.000000,0.000000,0.000000,0.000000
48.829659,14.739981,-11.554763,21.000000,0.000000,0.000000,0.000000,1.000000,0.000000,0.000000,0.000000
48.829659,14.739981,-11.554763,21.000000,0.000000,0.000000,0.000000,1.000000,0.000000,0.000000,0.000000
48.829659,14.739981,-11.554763,21.000000,0.000000,0.000000,0.000000,1.000000,0.000000,0.000000,0.000000
48.829659,14.739981,-11.554763,21.000000,0.000000,0.000000,0.000000,1.000000,0.000000,0.000000,0.000000
48.829659,14.739981,-11.554763,21.000000,0.000000,0.000000,0.000000,1.000000,0.000000,0.000000,0.000000
48.829659,14.739981,-11.554763,21.000000,0.000000,0.000000,0.000000,1.000000,0.000000,0.000000,0.000000
48.829659,14.739981,-11.554763,21.000000,0.000000,0.000000,0.000000,1.000000,0.000000,0.000000,0.000000
48.829659,14.739981,-11.554763,21.000000,0.000000,0.000000,0.000000,1.000000,0.000000,0.000000,0.000000
48.829659,14.739981,-11.554763,21.000000,0.000000,0.000000,0.000000,1.000000,0.000000,0.000000,0.000000
48.829659,14.739981,-11.554763,21.000000,0.000000,0.000000,0.000000,1.000000,0.000000,0.000000,0.000000
48.829659,14.739981,-11.554763,21.000000,0.000000,0.000000,0.000000,1.000000,0.000000,0.000000,0.000000
48.829659,14.739981,-11.554763,21.000000,0.000000,0.000000,0.000000,1.000000,0.000000,0.000000,0.000000
48.829659,14.739981,-11.554763,21.000000,0.000000,0.000000,0.000000,1.000000,0.000000,0.000000,0.000000
48.829659,14.739981,-11.554763,21.000000,0.000000,0.000000,0.000000,1.000000,0.000000,0.000000,0.000000
48.829659,14.739981,-11.554763,21.000000,0.000000,0.000000,0.000000,1.000000,0.000000,0.000000,0.000000
48.829659,14.739981,-11.554763,21.000000,0.000000,0.000000,0.000000,1.000000,0.000000,0.000000,0.000000
48.829659,14.739981,-11.554763,21.000000,0.000000,0.000000,0.000000,1.000000,0.000000,0.000000,0.000000
48.829659,14.739981,-11.554763,21.000000,0.000000,0.000000,0.000000,1.000000,0.000000,0.000000,0.000000
48.829659,14.739981,-11.554763,21.000000,0.000000,0.000000,0.000000,1.000000,0.000000,0.000000,0.000000
48.829659,14.739981,-11.554763,21.000000,0.000000,0.000000,0.000000,1.000000,0.000000,0.000000,0.000000
48.829659,14.739981,-11.554763,21.000000,0.000000,0.000000,0.000000,1.000000,0.000000,0.000000,0.000000
48.829659,14.739981,-11.554763,21.000000,0.000000,0.000000,0.000000,1.000000,0.000000,0.000000,0.000000
48.829659,14.739981,-11.554763,21.000000,0.000000,0.000000,0.000000,1.000000,0.000000,0.000000,0.000000
48.829659,14.739981,-11.554763,21.000000,0.000000,0.000000,0.000000,1.000000,0.000000,0.000000,0.000000
48.829659,14.739981,-11.554763,21.000000,0.000000,0.000000,0.000000,1.000000,0.000000,0.000000,0.000000
48.829659,14.739981,-11.554763,21.000000,0.000000,0.000000,0.000000,1.000000,0.000000,0.000000,0.000000
48.829659,14.739981,-11.554763,21.000000,0.000000,0.000000,0.000000,1.000000,0.000000,0.000000,0.000000
48.829659,14.739981,-11.554763,21.000000,0.000000,0.000000,0.000000,1.000000,0.000000,0.000000,0.000000
48.829659,14.739981,-11.554763,21.000000,0.000000,0.000000,0.000000,1.000000,0.000000,0.000000,0.000000
48.829659,14.739981,-11.554763,21.000000,0.000000,0.000000,0.000000,1.000000,0.000000,0.000000,0.000000
48.829659,14.739981,-11.554763,21.000000,0.000000,0.000000,0.000000,1.000000,0.000000,0.000000,0.000000
48.829659,14.739981,-11.554763,21.000000,0.000000,0.000000,0.000000,1.000000,0.000000,0.000000,0.000000
48.829659,14.739981,-11.554763,21.000000,0.000000,0.000000,0.000000,1.000000,0.000000,0.000000,0.000000
48.829659,14.739981,-11.554763,21.000000,0.000000,0.000000,0.000000,1.000000,0.000000,0.000000,0.000000
48.829659,14.739981,-11.554763,21.000000,0.000000,0.000000,0.000000,1.000000,0.000000,0.000000,0.000000
48.829659,14.739981,-11.554763,21.000000,0.000000,0.000000,0.000000,1.000000,0.000000,0.000000,0.000000
48.829659,14.739981,-11.554763,21.000000,0.000000,0.000000,0.000000,1.000000,0.000000,0.000000,0.000000
48.829659,14.739981,-11.554763,21.000000,0.000000,0.000000,0.000000,1.000000,0.000000,0.000000,0.000000
48.829659,14.739981,-11.554763,21.000000,0.000000,0.000000,0.000000,1.000000,0.000000,0.000000,0.000000
48.829659,14.739981,-11.554763,21.000000,0.000000,0.000000,0.000000,1.000000,0.000000,0.000000,0.000000
48.829659,14.739981,-11.554763,21.000000,0.000000,0.000000,0.000000,1.000000,0.000000,0.000000,0.000000
48.829659,14.739981,-11.554763,21.000000,0.000000,0.000000,0.000000,1.000000,0.000000,0.000000,0.000000
48.829659,14.739981,-11.554763,21.000000,0.000000,0.000000,0.000000,1.000000,0.000000,0.000000,0.000000
48.829659,14.739981,-11.554763,21.000000,0.000000,0.000000,0.000000,1.000000,0.000000,0.000000,0.000000
48.829659,14.739981,-11.554763,21.000000,0.000000,0.000000,0.000000,1.000000,0.000000,0.000000,0.000000
48.829659,14.739981,-11.554763,21.000000,0.000000,0.000000,0.000000,1.000000,0.000000,0.000000,0.000000
48.829659,14.739981,-11.554763,21.000000,0.000000,0.000000,0.000000,1.000000,0.000000,0.000000,0.000000
48.829659,14.739981,-11.554763,21.000000,0.000000,0.000000,0.000000,1.000000,0.000000,0.000000,0.000000
48.829659,14.739981,-11.554763,21.000000,0.000000,0.000000,0.000000,1.000000,0.000000,0.000000,0.000000
48.829659,14.739981,-11.554763,21.000000,0.000000,0.000000,0.000000,1.000000,0.000000,0.000000,0.000000
48.829659,14.739981,-11.554763,21.000000,0.000000,0.000000,0.000000,1.000000,0.000000,0.000000,0.000000
48.829659,14.739981,-11.554763,21.000000,0.000000,0.000000,0.000000,1.000000,0.000000,0.000000,0.000000
48.829659,14.739981,-11.554763,21.000000,0.000000,0.000000,0.000000,1.000000,0.000000,0.000000,0.000000
48.829659,14.739981,-11.554763,21.000000,0.000000,0.000000,0.000000,1.000000,0.000000,0.000000,0.000000
48.829659,14.739981,-11.554763,21.000000,0.000000,0.000000,0.000000,1.000000,0.000000,0.000000,0.000000
48.829659,14.739981,-11.554763,21.000000,0.000000,0.000000,0.000000,1.000000,0.000000,0.000000,0.000000
48.829659,14.739981,-11.554763,21.000000,0.000000,0.000000,0.000000,1.000000,0.000000,0.000000,0.000000
48.829659,14.739981,-11.554763,21.000000,0.000000,0.000000,0.000000,1.000000,0.000000,0.000000,0.000000
48.829659,14.739981,-11.554763,21.000000,0.000000,0.000000,0.000000,1.000000,0.000000,0.000000,0.000000
48.829659,14.739981,-11.554763,21.000000,0.000000,0.000000,0.000000,1.000000,0.000000,0.000000,0.000000
48.829659,14.739981,-11.554763,21.000000,0.000000,0.000000,0.000000,1.000000,0.000000,0.000000,0.000000
48.829659,14.739981,-11.554763,21.000000,0.000000,0.000000,0.000000,1.000000,0.000000,0.000000,0.000000
48.829659,14.739981,-11.554763,21.000000,0.000000,0.000000,0.000000,1.000000,0.000000,0.000000,0.000000
48.829659,14.739981,-11.554763,21.000000,0.000000,0.000000,0.000000,1.000000,0.000000,0.000000,0.000000
48.829659,14.739981,-11.554763,21.000000,0.000000,0.000000,0.000000,1.000000,0.000000,0.000000,0.000000
48.829659,14.739981,-11.554763,21.000000,0.000000,0.000000,0.000000,1.000000,0.000000,0.000000,0.000000
48.829659,14.739981,-11.554763,21.000000,0.000000,0.000000,0.000000,1.000000,0.000000,0.000000,0.000000
48.829659,14.739981,-11.554763,21.000000,0.000000,0.000000,0.000000,1.000000,0.000000,0.000000,0.000000
48.829659,14.739981,-11.554763,21.000000,0.000000,0.000000,0.000000,1.000000,0.000000,0.000000,0.000000
48.829659,14.739981,-11.554763,21.000000,0.000000,0.000000,0.000000,1.000000,0.000000,0.000000,0.000000
48.829659,14.739981,-11.554763,21.000000,0.000000,0.000000,0.000000,1.000000,0.000000,0.000000,0.000000
48.829659,14.739981,-11.554763,21.000000,0.000000,0.000000,0.000000,1.000000,0.000000,0.000000,0.000000
48.829659,14.739981,-11.554763,21.000000,0.000000,0.000000,0.000000,1.000000,0.000000,0.000000,0.000000
48.829659,14.739981,-11.554763,21.000000,0.000000,0.000000,0.000000,1.000000,0.000000,0.000000,0.000000
48.829659,14.739981,-11.554763,21.000000,0.000000,0.000000,0.000000,1.000000,0.000000,0.000000,0.000000
48.829659,14.739981,-11.554763,21.000000,0.000000,0.000000,0.000000,1.000000,0.000000,0.000000,0.000000
48.829659,14.739981,-11.554763,21.000000,0.000000,0.000000,0.000000,1.000000,0.000000,0.000000,0.000000
48.829659,14.739981,-11.554763,21.000000,0.000000,0.000000,0.000000,1.000000,0.000000,0.000000,0.000000
48.829659,14.739981,-11.554763,21.000000,0.000000,0.000000,0.000000,1.000000,0.000000,0.000000,0.000000
48.829659,14.739981,-11.554763,21.000000,0.000000,0.000000,0.000000,1.000000,0.000000,0.000000,0.000000
48.829659,14.739981,-11.554763,21.000000,0.000000,0.000000,0.000000,1.000000,0.000000,0.000000,0.000000
48.829659,14.739981,-11.554763,21.000000,0.000000,0.000000,0.000000,1.000000,0.000000,0.000000,0.000000
48.829659,14.739981,-11.554763,21.000000,0.000000,0.000000,0.000000,1.000000,0.000000,0.000000,0.000000
48.829659,14.739981,-11.554763,21.000000,0.000000,0.000000,0.000000,1.000000,0.000000,0.000000,0.000000
48.829659,14.739981,-11.554763,21.000000,0.000000,0.000000,0.000000,1.000000,0.000000,0.000000,0.000000
48.829659,14.739981,-11.554763,21.000000,0.000000,0.000000,0.000000,1.000000,0.000000,0.000000,0.000000
48.829659,14.739981,-11.554763,21.000000,0.000000,0.000000,0.000000,1.000000,0.000000,0.000000,0.000000
48.829659,14.739981,-11.554763,21.000000,0.000000,0.000000,0.000000,1.000000,0.000000,0.000000,0.000000
48.829659,14.739981,-11.554763,21.000000,0.000000,0.000000,0.000000,1.000000,0.000000,0.000000,0.000000
48.829659,14.739981,-11.554763,21.000000,0.000000,0.000000,0.000000,1.000000,0.000000,0.000000,0.000000
48.829659,14.739981,-11.554763,21.000000,0.000000,0.000000,0.000000,1.000000,0.000000,0.000000,0.000000
48.829659,14.739981,-11.554763,21.000000,0.000000,0.000000,0.000000,1.000000,0.000000,0.000000,0.000000
48.829659,14.739981,-11.554763,21.000000,0.000000,0.000000,0.000000,1.000000,0.000000,0.000000,0.000000
48.829659,14.739981,-11.554763,21.000000,0.000000,0.000000,0.000000,1.000000,0.000000,0.000000,0.000000
48.829659,14.739981,-11.554763,21.000000,0.000000,0.000000,0.000000,1.000000,0.000000,0.000000,0.000000
48.829659,14.739981,-11.554763,21.000000,0.000000,0.000000,0.000000,1.000000,0.000000,0.000000,0.000000
48.829659,14.739981,-11.554763,21.000000,0.000000,0.000000,0.000000,1.000000,0.000000,0.000000,0.000000
48.829659,14.739981,-11.554763,21.000000,0.000000,0.000000,0.000000,1.000000,0.000000,0.000000,0.000000
48.829659,14.739981,-11.554763,21.000000,0.000000,0.000000,0.000000,1.000000,0.000000,0.000000,0.000000
48.829659,14.739981,-11.554763,21.000000,0.000000,0.000000,0.000000,1.000000,0.000000,0.000000,0.000000
48.829659,14.739981,-11.554763,21.000000,0.000000,0.000000,0.000000,1.000000,0.000000,0.000000,0.000000
48.829659,14.739981,-11.554763,21.000000,0.000000,0.000000,0.000000,1.000000,0.000000,0.000000,0.000000
48.829659,14.739981,-11.554763,21.000000,0.000000,0.000000,0.000000,1.000000,0.000000,0.000000,0.000000
48.829659,14.739981,-11.554763,21.000000,0.000000,0.000000,0.000000,1.000000,0.000000,0.000000,0.000000
48.829659,14.739981,-11.554763,21.000000,0.000000,0.000000,0.000000,1.000000,0.000000,0.000000,0.000000
48.829659,14.739981,-11.554763,21.000000,0.000000,0.000000,0.000000,1.000000,0.000000,0.000000,0.000000
48.829659,14.739981,-11.554763,21.000000,0.000000,0.000000,0.000000,1.000000,0.000000,0.000000,0.000000
48.829659,14.739981,-11.554763,21.000000,0.000000,0.000000,0.000000,1.000000,0.000000,0.000000,0.000000
48.829659,14.739981,-11.554763,21.000000,0.000000,0.000000,0.000000,1.000000,0.000000,0.000000,0.000000
48.829659,14.739981,-11.554763,21.000000,0.000000,0.000000,0.000000,1.000000,0.000000,0.000000,0.000000
48.829659,14.739981,-11.554763,21.000000,0.000000,0.000000,0.000000,1.000000,0.000000,0.000000,0.000000
48.829659,14.739981,-11.554763,21.000000,0.000000,0.000000,0.000000,1.000000,0.000000,0.000000,0.000000
48.829659,14.739981,-11.554763,21.000000,0.000000,0.000000,0.000000,1.000000,0.000000,0.000000,0.000000
48.829659,14.739981,-11.554763,21.000000,0.000000,0.000000,0.000000,1.000000,0.000000,0.000000,0.000000
48.829659,14.739981,-11.554763,21.000000,0.000000,0.000000,0.000000,1.000000,0.000000,0.000000,0.000000
48.829659,14.739981,-11.554763,21.000000,0.000000,0.000000,0.000000,1.000000,0.000000,0.000000,0.000000
48.829659,14.739981,-11.554763,21.000000,0.000000,0.000000,0.000000,1.000000,0.000000,0.000000,0.000000
48.829659,14.739981,-11.554763,21.000000,0.000000,0.000000,0.000000,1.000000,0.000000,0.000000,0.000000
48.829659,14.739981,-11.554763,21.000000,0.000000,0.000000,0.000000,1.000000,0.000000,0.000000,0.000000
48.829659,14.739981,-11.554763,21.000000,0.000000,0.000000,0.000000,1.000000,0.000000,0.000000,0.000000
48.829659,14.739981,-11.554763,21.000000,0.000000,0.000000,0.000000,1.000000,0.000000,0.000000,0.000000
48.829659,14.739981,-11.554763,21.000000,0.000000,0.000000,0.000000,1.000000,0.000000,0.000000,0.000000
48.829659,14.739981,-11.554763,21.000000,0.000000,0.000000,0.000000,1.000000,0.000000,0.000000,0.000000
48.829659,14.739981,-11.554763,21.000000,0.000000,0.000000,0.000000,1.000000,0.000000,0.000000,0.000000
48.829659,14.739981,-11.554763,21.000000,0.000000,0.000000,0.000000,1.000000,0.000000,0.000000,0.000000
48.829659,14.739981,-11.554763,21.000000,0.000000,0.000000,0.000000,1.000000,0.000000,0.000000,0.000000
48.829659,14.739981,-11.554763,21.000000,0.000000,0.000000,0.000000,1.000000,0.000000,0.000000,0.000000
48.829659,14.739981,-11.554763,21.000000,0.000000,0.000000,0.000000,1.000000,0.000000,0.000000,0.000000
48.829659,14.739981,-11.554763,21.000000,0.000000,0.000000,0.000000,1.000000,0.000000,0.000000,0.000000
48.829659,14.739981,-11.554763,21.000000,0.000000,0.000000,0.000000,1.000000,0.000000,0.000000,0.000000
48.829659,14.739981,-11.554763,21.000000,0.000000,0.000000,0.000000,1.000000,0.000000,0.000000,0.000000
48.829659,14.739981,-11.554763,21.000000,0.000000,0.000000,0.000000,1.000000,0.000000,0.000000,0.000000
-59.769653,1.307861,-11.456877,13.000000,0.000000,0.000000,0.000000,1.000000,0.000000,0.000000,0.000000
-59.769653,1.307861,-11.456877,13.000000,0.000000,0.000000,0.000000,1.000000,0.000000,0.000000,0.000000
-59.769653,1.307861,-11.456877,13.000000,0.000000,0.000000,0.000000,1.000000,0.000000,0.000000,0.000000
-59.769653,1.307861,-11.456877,13.000000,0.000000,0.000000,0.000000,1.000000,0.000000,0.000000,0.000000
-59.769653,1.307861,-11.456877,13.000000,0.000000,0.000000,0.000000,1.000000,0.000000,0.000000,0.000000
-59.769653,1.307861,-11.456877,13.000000,0.000000,0.000000,0.000000,1.000000,0.000000,0.000000,0.000000
-59.769653,1.307861,-11.456877,13.000000,0.000000,0.000000,0.000000,1.000000,0.000000,0.000000,0.000000
-59.769653,1.307861,-11.456877,13.000000,0.000000,0.000000,0.000000,1.000000,0.000000,0.000000,0.000000
-59.769653,1.307861,-11.456877,13.000000,0.000000,0.000000,0.000000,1.000000,0.000000,0.000000,0.000000
-59.769653,1.307861,-11.456877,13.000000,0.000000,0.000000,0.000000,1.000000,0.000000,0.000000,0.000000
-59.769653,1.307861,-11.456877,13.000000,0.000000,0.000000,0.000000,1.000000,0.000000,0.000000,0.000000
-59.769653,1.307861,-11.456877,13.000000,0.000000,0.000000,0.000000,1.000000,0.000000,0.000000,0.000000
-59.769653,1.307861,-11.456877,13.000000,0.000000,0.000000,0.000000,1.000000,0.000000,0.000000,0.000000
-59.769653,1.307861,-11.456877,13.000000,0.000000,0.000000,0.000000,1.000000,0.000000,0.000000,0.000000
-59.769653,1.307861,-11.456877,13.000000,0.000000,0.000000,0.000000,1.000000,0.000000,0.000000,0.000000
-59.769653,1.307861,-11.456877,13.000000,0.000000,0.000000,0.000000,1.000000,0.000000,0.000000,0.000000
-59.769653,1.307861,-11.456877,13.000000,0.000000,0.000000,0.000000,1.000000,0.000000,0.000000,0.000000
-59.769653,1.307861,-11.456877,13.000000,0.000000,0.000000,0.000000,1.000000,0.000000,0.000000,0.000000
-59.769653,1.307861,-11.456877,13.000000,0.000000,0.000000,0.000000,1.000000,0.000000,0.000000,0.000000
-59.769653,1.307861,-11.456877,13.000000,0.000000,0.000000,0.000000,1.000000,0.000000,0.000000,0.000000
-59.769653,1.307861,-11.456877,13.000000,0.000000,0.000000,0.000000,1.000000,0.000000,0.000000,0.000000
-59.769653,1.307861,-11.456877,13.000000,0.000000,0.000000,0.000000,1.000000,0.000000,0.000000,0.000000
-59.769653,1.307861,-11.456877,13.000000,0.000000,0.000000,0.000000,1.000000,0.000000,0.000000,0.000000
-59.769653,1.307861,-11.456877,13.000000,0.000000,0.000000,0.000000,1.000000,0.000000,0.000000,0.000000
-59.769653,1.307861,-11.456877,13.000000,0.000000,0.000000,0.000000,1.000000,0.000000,0.000000,0.000000
-59.769653,1.307861,-11.456877,13.000000,0.000000,0.000000,0.000000,1.000000,0.000000,0.000000,0.000000
-59.769653,1.307861,-11.456877,13.000000,0.000000,0.000000,0.000000,1.000000,0.000000,0.000000,0.000000
-59.769653,1.307861,-11.456877,13.000000,0.000000,0.000000,0.000000,1.000000,0.000000,0.000000,0.000000
-59.769653,1.307861,-11.456877,13.000000,0.000000,0.000000,0.000000,1.000000,0.000000,0.000000,0.000000
-59.769653,1.307861,-11.456877,13.000000,0.000000,0.000000,0.000000,1.000000,0.000000,0.000000,0.000000
-59.769653,1.307861,-11.456877,13.000000,0.000000,0.000000,0.000000,1.000000,0.000000,0.000000,0.000000
-59.769653,1.307861,-11.456877,13.000000,0.000000,0.000000,0.000000,1.000000,0.000000,0.000000,0.000000
-59.769653,1.307861,-11.456877,13.000000,0.000000,0.000000,0.000000,1.000000,0.000000,0.000000,0.000000
-59.769653,1.307861,-11.456877,13.000000,0.000000,0.000000,0.000000,1.000000,0.000000,0.000000,0.000000
-59.769653,1.307861,-11.456877,13.000000,0.000000,0.000000,0.000000,1.000000,0.000000,0.000000,0.000000
-59.769653,1.307861,-11.456877,13.000000,0.000000,0.000000,0.000000,1.000000,0.000000,0.000000,0.000000
-59.769653,1.307861,-11.456877,13.000000,0.000000,0.000000,0.000000,1.000000,0.000000,0.000000,0.000000
-59.769653,1.307861,-11.456877,13.000000,0.000000,0.000000,0.000000,1.000000,0.000000,0.000000,0.000000
-59.769653,1.307861,-11.456877,13.000000,0.000000,0.000000,0.000000,1.000000,0.000000,0.000000,0.000000
-59.769653,1.307861,-11.456877,13.000000,0.000000,0.000000,0.000000,1.000000,0.000000,0.000000,0.000000
-59.769653,1.307861,-11.456877,13.000000,0.000000,0.000000,0.000000,1.000000,0.000000,0.000000,0.000000
-59.769653,1.307861,-11.456877,13.000000,0.000000,0.000000,0.000000,1.000000,0.000000,0.000000,0.000000
-59.769653,1.307861,-11.456877,13.000000,0.000000,0.000000,0.000000,1.000000,0.000000,0.000000,0.000000
-59.769653,1.307861,-11.456877,13.000000,0.000000,0.000000,0.000000,1.000000,0.000000,0.000000,0.000000
-59.769653,1.307861,-11.456877,13.000000,0.000000,0.000000,0.000000,1.000000,0.000000,0.000000,0.000000
-59.769653,1.307861,-11.456877,13.000000,0.000000,0.000000,0.000000,1.000000,0.000000,0.000000,0.000000
-59.769653,1.307861,-11.456877,13.000000,0.000000,0.000000,0.000000,1.000000,0.000000,0.000000,0.000000
-59.769653,1.307861,-11.456877,13.000000,0.000000,0.000000,0.000000,1.000000,0.000000,0.000000,0.000000
-59.769653,1.307861,-11.456877,13.000000,0.000000,0.000000,0.000000,1.000000,0.000000,0.000000,0.000000
-59.769653,1.307861,-11.456877,13.000000,0.000000,0.000000,0.000000,1.000000,0.000000,0.000000,0.000000
-59.769653,1.307861,-11.456877,13.000000,0.000000,0.000000,0.000000,1.000000,0.000000,0.000000,0.000000
-59.769653,1.307861,-11.456877,13.000000,0.000000,0.000000,0.000000,1.000000,0.000000,0.000000,0.000000
-59.769653,1.307861,-11.456877,13.000000,0.000000,0.000000,0.000000,1.000000,0.000000,0.000000,0.000000
-59.769653,1.307861,-11.456877,13.000000,0.000000,0.000000,0.000000,1.000000,0.000000,0.000000,0.000000
-59.769653,1.307861,-11.456877,13.000000,0.000000,0.000000,0.000000,1.000000,0.000000,0.000000,0.000000
-59.769653,1.307861,-11.456877,13.000000,0.000000,0.000000,0.000000,1.000000,0.000000,0.000000,0.000000
-59.769653,1.307861,-11.456877,13.000000,0.000000,0.000000,0.000000,1.000000,0.000000,0.000000,0.000000
-59.769653,1.307861,-11.456877,13.000000,0.000000,0.000000,0.000000,1.000000,0.000000,0.000000,0.000000
-59.769653,1.307861,-11.456877,13.000000,0.000000,0.000000,0.000000,1.000000,0.000000,0.000000,0.000000
-59.769653,1.307861,-11.456877,13.000000,0.000000,0.000000,0.000000,1.000000,0.000000,0.000000,0.000000
-59.769653,1.307861,-11.456877,13.000000,0.000000,0.000000,0.000000,1.000000,0.000000,0.000000,0.000000
-59.769653,1.307861,-11.456877,13.000000,0.000000,0.000000,0.000000,1.000000,0.000000,0.000000,0.000000
-59.769653,1.307861,-11.456877,13.000000,0.000000,0.000000,0.000000,1.000000,0.000000,0.000000,0.000000
-59.769653,1.307861,-11.456877,13.000000,0.000000,0.000000,0.000000,1.000000,0.000000,0.000000,0.000000
-59.769653,1.307861,-11.456877,13.000000,0.000000,0.000000,0.000000,1.000000,0.000000,0.000000,0.000000
-59.769653,1.307861,-11.456877,13.000000,0.000000,0.000000,0.000000,1.000000,0.000000,0.000000,0.000000
-59.769653,1.307861,-11.456877,13.000000,0.000000,0.000000,0.000000,1.000000,0.000000,0.000000,0.000000
-59.769653,1.307861,-11.456877,13.000000,0.000000,0.000000,0.000000,1.000000,0.000000,0.000000,0.000000
-59.769653,1.307861,-11.456877,13.000000,0.000000,0.000000,0.000000,1.000000,0.000000,0.000000,0.000000
-59.769653,1.307861,-11.456877,13.000000,0.000000,0.000000,0.000000,1.000000,0.000000,0.000000,0.000000
-59.769653,1.307861,-11.456877,13.000000,0.000000,0.000000,0.000000,1.000000,0.000000,0.000000,0.000000
-59.769653,1.307861,-11.456877,13.000000,0.000000,0.000000,0.000000,1.000000,0.000000,0.000000,0.000000
-59.769653,1.307861,-11.456877,13.000000,0.000000,0.000000,0.000000,1.000000,0.000000,0.000000,0.000000
-59.769653,1.307861,-11.456877,13.000000,0.000000,0.000000,0.000000,1.000000,0.000000,0.000000,0.000000
-59.769653,1.307861,-11.456877,13.000000,0.000000,0.000000,0.000000,1.000000,0.000000,0.000000,0.000000
-59.769653,1.307861,-11.456877,13.000000,0.000000,0.000000,0.000000,1.000000,0.000000,0.000000,0.000000
-59.769653,1.307861,-11.456877,13.000000,0.000000,0.000000,0.000000,1.000000,0.000000,0.000000,0.000000
-59.769653,1.307861,-11.456877,13.000000,0.000000,0.000000,0.000000,1.000000,0.000000,0.000000,0.000000
-59.769653,1.307861,-11.456877,13.000000,0.000000,0.000000,0.000000,1.000000,0.000000,0.000000,0.000000
-59.769653,1.307861,-11.456877,13.000000,0.000000,0.000000,0.000000,1.000000,0.000000,0.000000,0.000000
-59.769653,1.307861,-11.456877,13.000000,0.000000,0.000000,0.000000,1.000000,0.000000,0.000000,0.000000
-59.769653,1.307861,-11.456877,13.000000,0.000000,0.000000,0.000000,1.000000,0.000000,0.000000,0.000000
-59.769653,1.307861,-11.456877,13.000000,0.000000,0.000000,0.000000,1.000000,0.000000,0.000000,0.000000
-59.769653,1.307861,-11.456877,13.000000,0.000000,0.000000,0.000000,1.000000,0.000000,0.000000,0.000000
-59.769653,1.307861,-11.456877,13.000000,0.000000,0.000000,0.000000,1.000000,0.000000,0.000000,0.000000
-59.769653,1.307861,-11.456877,13.000000,0.000000,0.000000,0.000000,1.000000,0.000000,0.000000,0.000000
-59.769653,1.307861,-11.456877,13.000000,0.000000,0.000000,0.000000,1.000000,0.000000,0.000000,0.000000
-59.769653,1.307861,-11.456877,13.000000,0.000000,0.000000,0.000000,1.000000,0.000000,0.000000,0.000000
-59.769653,1.307861,-11.456877,13.000000,0.000000,0.000000,0.000000,1.000000,0.000000,0.000000,0.000000
-59.769653,1.307861,-11.456877,13.000000,0.000000,0.000000,0.000000,1.000000,0.000000,0.000000,0.000000
-59.769653,1.307861,-11.456877,13.000000,0.000000,0.000000,0.000000,1.000000,0.000000,0.000000,0.000000
-59.769653,1.307861,-11.456877,13.000000,0.000000,0.000000,0.000000,1.000000,0.000000,0.000000,0.000000
-59.769653,1.307861,-11.456877,13.000000,0.000000,0.000000,0.000000,1.000000,0.000000,0.000000,0.000000
-59.769653,1.307861,-11.456877,13.000000,0.000000,0.000000,0.000000,1.000000,0.000000,0.000000,0.000000
-59.769653,1.307861,-11.456877,13.000000,0.000000,0.000000,0.000000,1.000000,0.000000,0.000000,0.000000
-59.769653,1.307861,-11.456877,13.000000,0.000000,0.000000,0.000000,1.000000,0.000000,0.000000,0.000000
-59.769653,1.307861,-11.456877,13.000000,0.000000,0.000000,0.000000,1.000000,0.000000,0.000000,0.000000
-59.769653,1.307861,-11.456877,13.000000,0.000000,0.000000,0.000000,1.000000,0.000000,0.000000,0.000000
-59.769653,1.307861,-11.456877,13.000000,0.000000,0.000000,0.000000,1.000000,0.000000,0.000000,0.000000
-59.769653,1.307861,-11.456877,13.000000,0.000000,0.000000,0.000000,1.000000,0.000000,0.000000,0.000000
-59.769653,1.307861,-11.456877,13.000000,0.000000,0.000000,0.000000,1.000000,0.000000,0.000000,0.000000
-59.769653,1.307861,-11.456877,13.000000,0.000000,0.000000,0.000000,1.000000,0.000000,0.000000,0.000000
-59.769653,1.307861,-11.456877,13.000000,0.000000,0.000000,0.000000,1.000000,0.000000,0.000000,0.000000
-59.769653,1.307861,-11.456877,13.000000,0.000000,0.000000,0.000000,1.000000,0.000000,0.000000,0.000000
-59.769653,1.307861,-11.456877,13.000000,0.000000,0.000000,0.000000,1.000000,0.000000,0.000000,0.000000
-59.769653,1.307861,-11.456877,13.000000,0.000000,0.000000,0.000000,1.000000,0.000000,0.000000,0.000000
-59.769653,1.307861,-11.456877,13.000000,0.000000,0.000000,0.000000,1.000000,0.000000,0.000000,0.000000
-59.769653,1.307861,-11.456877,13.000000,0.000000,0.000000,0.000000,1.000000,0.000000,0.000000,0.000000
-59.769653,1.307861,-11.456877,13.000000,0.000000,0.000000,0.000000,1.000000,0.000000,0.000000,0.000000
-59.769653,1.307861,-11.456877,13.000000,0.000000,0.000000,0.000000,1.000000,0.000000,0.000000,0.000000
-59.769653,1.307861,-11.456877,13.000000,0.000000,0.000000,0.000000,1.000000,0.000000,0.000000,0.000000
-59.769653,1.307861,-11.456877,13.000000,0.000000,0.000000,0.000000,1.000000,0.000000,0.000000,0.000000
-59.769653,1.307861,-11.456877,13.000000,0.000000,0.000000,0.000000,1.000000,0.000000,0.000000,0.000000
-59.769653,1.307861,-11.456877,13.000000,0.000000,0.000000,0.000000,1.000000,0.000000,0.000000,0.000000
-59.769653,1.307861,-11.456877,13.000000,0.000000,0.000000,0.000000,1.000000,0.000000,0.000000,0.000000
-59.769653,1.307861,-11.456877,13.000000,0.000000,0.000000,0.000000,1.000000,0.000000,0.000000,0.000000
-59.769653,1.307861,-11.456877,13.000000,0.000000,0.000000,0.000000,1.000000,0.000000,0.000000,0.000000
-59.769653,1.307861,-11.456877,13.000000,0.000000,0.000000,0.000000,1.000000,0.000000,0.000000,0.000000
-59.769653,1.307861,-11.456877,13.000000,0.000000,0.000000,0.000000,1.000000,0.000000,0.000000,0.000000
-59.769653,1.307861,-11.456877,13.000000,0.000000,0.000000,0.000000,1.000000,0.000000,0.000000,0.000000
-59.769653,1.307861,-11.456877,13.000000,0.000000,0.000000,0.000000,1.000000,0.000000,0.000000,0.000000
-59.769653,1.307861,-11.456877,13.000000,0.000000,0.000000,0.000000,1.000000,0.000000,0.000000,0.000000
-59.769653,1.307861,-11.456877,13.000000,0.000000,0.000000,0.000000,1.000000,0.000000,0.000000,0.000000
-59.769653,1.307861,-11.456877,13.000000,0.000000,0.000000,0.000000,1.000000,0.000000,0.000000,0.000000
-59.769653,1.307861,-11.456877,13.000000,0.000000,0.000000,0.000000,1.000000,0.000000,0.000000,0.000000
-59.769653,1.307861,-11.456877,13.000000,0.000000,0.000000,0.000000,1.000000,0.000000,0.000000,0.000000
46.413193,-22.985346,-252.389832,36.000000,0.000000,0.000000,0.000000,1.000000,0.000000,0.000000,0.000000
27.027721,34.153667,-243.884644,36.000000,0.000000,0.000000,0.000000,1.000000,0.000000,0.000000,0.000000
26.484167,35.088482,-251.874054,36.000000,0.000000,0.000000,0.000000,1.000000,0.000000,0.000000,0.000000
27.027721,34.153667,-243.884644,36.000000,0.000000,0.000000,0.000000,1.000000,0.000000,0.000000,0.000000
46.413193,-22.985346,-252.389832,36.000000,0.000000,0.000000,0.000000,1.000000,0.000000,0.000000,0.000000
44.575676,-22.396217,-244.310455,36.000000,0.000000,0.000000,0.000000,1.000000,0.000000,0.000000,0.000000
26.562588,-33.526806,-243.511139,36.000000,0.000000,0.000000,0.000000,1.000000,0.000000,0.000000,0.000000
12.801778,9.449140,-224.153732,36.000000,0.000000,0.000000,0.000000,1.000000,0.000000,0.000000,0.000000
23.848230,5.736094,-224.588730,36.000000,0.000000,0.000000,0.000000,1.000000,0.000000,0.000000,0.000000
12.801778,9.449140,-224.153732,36.000000,0.000000,0.000000,0.000000,1.000000,0.000000,0.000000,0.000000
26.562588,-33.526806,-243.511139,36.000000,0.000000,0.000000,0.000000,1.000000,0.000000,0.000000,0.000000
16.706673,-30.575727,-243.121140,36.000000,0.000000,0.000000,0.000000,1.000000,0.000000,0.000000,0.000000
27.027721,34.153667,-243.884644,36.000000,0.000000,0.000000,0.000000,1.000000,0.000000,0.000000,0.000000
18.050594,32.106106,-224.488281,36.000000,0.000000,0.000000,0.000000,1.000000,0.000000,0.000000,0.000000
14.790730,38.628681,-243.404663,36.000000,0.000000,0.000000,0.000000,1.000000,0.000000,0.000000,0.000000
18.050594,32.106106,-224.488281,36.000000,0.000000,0.000000,0.000000,1.000000,0.000000,0.000000,0.000000
27.027721,34.153667,-243.884644,36.000000,0.000000,0.000000,0.000000,1.000000,0.000000,0.000000,0.000000
27.303432,32.090267,-223.867996,36.000000,0.000000,0.000000,0.000000,1.000000,0.000000,0.000000,0.000000
14.247176,39.563499,-251.394089,36.000000,0.000000,0.000000,0.000000,1.000000,0.000000,0.000000,0.000000
14.640954,-32.023643,-251.035446,36.000000,0.000000,0.000000,0.000000,1.000000,0.000000,0.000000,0.000000
26.663218,-35.521992,-251.511703,36.000000,0.000000,0.000000,0.000000,1.000000,0.000000,0.000000,0.000000
14.640954,-32.023643,-251.035446,36.000000,0.000000,0.000000,0.000000,1.000000,0.000000,0.000000,0.000000
14.247176,39.563499,-251.394089,36.000000,0.000000,0.000000,0.000000,1.000000,0.000000,0.000000,0.000000
5.016369,30.365175,-250.966171,36.000000,0.000000,0.000000,0.000000,1.000000,0.000000,0.000000,0.000000
26.663218,-35.521992,-251.511703,36.000000,0.000000,0.000000,0.000000,1.000000,0.000000,0.000000,0.000000
44.575676,-22.396217,-244.310455,36.000000,0.000000,0.000000,0.000000,1.000000,0.000000,0.000000,0.000000
46.413193,-22.985346,-252.389832,36.000000,0.000000,0.000000,0.000000,1.000000,0.000000,0.000000,0.000000
44.575676,-22.396217,-244.310455,36.000000,0.000000,0.000000,0.000000,1.000000,0.000000,0.000000,0.000000
26.663218,-35.521992,-251.511703,36.000000,0.000000,0.000000,0.000000,1.000000,0.000000,0.000000,0.000000
26.562588,-33.526806,-243.511139,36.000000,0.000000,0.000000,0.000000,1.000000,0.000000,0.000000,0.000000
31.342148,13.528359,-224.937820,36.000000,0.000000,0.000000,0.000000,1.000000,0.000000,0.000000,0.000000
27.027721,34.153667,-243.884644,36.000000,0.000000,0.000000,0.000000,1.000000,0.000000,0.000000,0.000000
44.575676,-22.396217,-244.310455,36.000000,0.000000,0.000000,0.000000,1.000000,0.000000,0.000000,0.000000
27.027721,34.153667,-243.884644,36.000000,0.000000,0.000000,0.000000,1.000000,0.000000,0.000000,0.000000
31.342148,13.528359,-224.937820,36.000000,0.000000,0.000000,0.000000,1.000000,0.000000,0.000000,0.000000
27.303432,32.090267,-223.867996,36.000000,0.000000,0.000000,0.000000,1.000000,0.000000,0.000000,0.000000
14.790730,38.628681,-243.404663,36.000000,0.000000,0.000000,0.000000,1.000000,0.000000,0.000000,0.000000
5.016369,30.365175,-250.966171,36.000000,0.000000,0.000000,0.000000,1.000000,0.000000,0.000000,0.000000
14.247176,39.563499,-251.394089,36.000000,0.000000,0.000000,0.000000,1.000000,0.000000,0.000000,0.000000
5.016369,30.365175,-250.966171,36.000000,0.000000,0.000000,0.000000,1.000000,0.000000,0.000000,0.000000
14.790730,38.628681,-243.404663,36.000000,0.000000,0.000000,0.000000,1.000000,0.000000,0.000000,0.000000
5.559923,29.430361,-242.976746,36.000000,0.000000,0.000000,0.000000,1.000000,0.000000,0.000000,0.000000
5.559923,29.430361,-242.976746,36.000000,0.000000,0.000000,0.000000,1.000000,0.000000,0.000000,0.000000
14.640954,-32.023643,-251.035446,36.000000,0.000000,0.000000,0.000000,1.000000,0.000000,0.000000,0.000000
5.016369,30.365175,-250.966171,36.000000,0.000000,0.000000,0.000000,1.000000,0.000000,0.000000,0.000000
14.640954,-32.023643,-251.035446,36.000000,0.000000,0.000000,0.000000,1.000000,0.000000,0.000000,0.000000
5.559923,29.430361,-242.976746,36.000000,0.000000,0.000000,0.000000,1.000000,0.000000,0.000000,0.000000
16.706673,-30.575727,-243.121140,36.000000,0.000000,0.000000,0.000000,1.000000,0.000000,0.000000,0.000000
16.706673,-30.575727,-243.121140,36.000000,0.000000,0.000000,0.000000,1.000000,0.000000,0.000000,0.000000
26.663218,-35.521992,-251.511703,36.000000,0.000000,0.000000,0.000000,1.000000,0.000000,0.000000,0.000000
14.640954,-32.023643,-251.035446,36.000000,0.000000,0.000000,0.000000,1.000000,0.000000,0.000000,0.000000
26.663218,-35.521992,-251.511703,36.000000,0.000000,0.000000,0.000000,1.000000,0.000000,0.000000,0.000000
16.706673,-30.575727,-243.121140,36.000000,0.000000,0.000000,0.000000,1.000000,0.000000,0.000000,0.000000
26.562588,-33.526806,-243.511139,36.000000,0.000000,0.000000,0.000000,1.000000,0.000000,0.000000,0.000000
5.559923,29.430361,-242.976746,36.000000,0.000000,0.000000,0.000000,1.000000,0.000000,0.000000,0.000000
12.801778,9.449140,-224.153732,36.000000,0.000000,0.000000,0.000000,1.000000,0.000000,0.000000,0.000000
16.706673,-30.575727,-243.121140,36.000000,0.000000,0.000000,0.000000,1.000000,0.000000,0.000000,0.000000
12.801778,9.449140,-224.153732,36.000000,0.000000,0.000000,0.000000,1.000000,0.000000,0.000000,0.000000
5.559923,29.430361,-242.976746,36.000000,0.000000,0.000000,0.000000,1.000000,0.000000,0.000000,0.000000
8.936687,27.029148,-224.086761,36.000000,0.000000,0.000000,0.000000,1.000000,0.000000,0.000000,0.000000
18.050594,32.106106,-224.488281,36.000000,0.000000,0.000000,0.000000,1.000000,0.000000,0.000000,0.000000
5.559923,29.430361,-242.976746,36.000000,0.000000,0.000000,0.000000,1.000000,0.000000,0.000000,0.000000
14.790730,38.628681,-243.404663,36.000000,0.000000,0.000000,0.000000,1.000000,0.000000,0.000000,0.000000
5.559923,29.430361,-242.976746,36.000000,0.000000,0.000000,0.000000,1.000000,0.000000,0.000000,0.000000
18.050594,32.106106,-224.488281,36.000000,0.000000,0.000000,0.000000,1.000000,0.000000,0.000000,0.000000
8.936687,27.029148,-224.086761,36.000000,0.000000,0.000000,0.000000,1.000000,0.000000,0.000000,0.000000
26.484167,35.088482,-251.874054,36.000000,0.000000,0.000000,0.000000,1.000000,0.000000,0.000000,0.000000
14.790730,38.628681,-243.404663,36.000000,0.000000,0.000000,0.000000,1.000000,0.000000,0.000000,0.000000
14.247176,39.563499,-251.394089,36.000000,0.000000,0.000000,0.000000,1.000000,0.000000,0.000000,0.000000
14.790730,38.628681,-243.404663,36.000000,0.000000,0.000000,0.000000,1.000000,0.000000,0.000000,0.000000
26.484167,35.088482,-251.874054,36.000000,0.000000,0.000000,0.000000,1.000000,0.000000,0.000000,0.000000
27.027721,34.153667,-243.884644,36.000000,0.000000,0.000000,0.000000,1.000000,0.000000,0.000000,0.000000
46.413193,-22.985346,-252.389832,36.000000,0.000000,0.000000,0.000000,1.000000,0.000000,0.000000,0.000000
14.247176,39.563499,-251.394089,36.000000,0.000000,0.000000,0.000000,1.000000,0.000000,0.000000,0.000000
26.663218,-35.521992,-251.511703,36.000000,0.000000,0.000000,0.000000,1.000000,0.000000,0.000000,0.000000
14.247176,39.563499,-251.394089,36.000000,0.000000,0.000000,0.000000,1.000000,0.000000,0.000000,0.000000
46.413193,-22.985346,-252.389832,36.000000,0.000000,0.000000,0.000000,1.000000,0.000000,0.000000,0.000000
26.484167,35.088482,-251.874054,36.000000,0.000000,0.000000,0.000000,1.000000,0.000000,0.000000,0.000000
26.562588,-33.526806,-243.511139,36.000000,0.000000,0.000000,0.000000,1.000000,0.000000,0.000000,0.000000
31.342148,13.528359,-224.937820,36.000000,0.000000,0.000000,0.000000,1.000000,0.000000,0.000000,0.000000
44.575676,-22.396217,-244.310455,36.000000,0.000000,0.000000,0.000000,1.000000,0.000000,0.000000,0.000000
31.342148,13.528359,-224.937820,36.000000,0.000000,0.000000,0.000000,1.000000,0.000000,0.000000,0.000000
26.562588,-33.526806,-243.511139,36.000000,0.000000,0.000000,0.000000,1.000000,0.000000,0.000000,0.000000
23.848230,5.736094,-224.588730,36.000000,0.000000,0.000000,0.000000,1.000000,0.000000,0.000000,0.000000
-14.084913,21.354233,-117.869972,28.000000,0.000000,0.000000,0.000000,1.000000,0.000000,0.000000,0.000000
-23.865137,25.811615,-116.653839,28.000000,0.000000,0.000000,0.000000,1.000000,0.000000,0.000000,0.000000
-17.178793,45.102654,-145.099365,28.000000,0.000000,0.000000,0.000000,1.000000,0.000000,0.000000,0.000000
-34.892216,23.027411,-115.368614,28.000000,0.000000,0.000000,0.000000,1.000000,0.000000,0.000000,0.000000
-39.660194,43.148830,-147.701157,28.000000,0.000000,0.000000,0.000000,1.000000,0.000000,0.000000,0.000000
-23.865137,25.811615,-116.653839,28.000000,0.000000,0.000000,0.000000,1.000000,0.000000,0.000000,0.000000
-17.178793,45.102654,-145.099365,28.000000,0.000000,0.000000,0.000000,1.000000,0.000000,0.000000,0.000000
-23.865137,25.811615,-116.653839,28.000000,0.000000,0.000000,0.000000,1.000000,0.000000,0.000000,0.000000
-39.660194,43.148830,-147.701157,28.000000,0.000000,0.000000,0.000000,1.000000,0.000000,0.000000,0.000000
-39.660194,43.148830,-147.701157,28.000000,0.000000,0.000000,0.000000,1.000000,0.000000,0.000000,0.000000
-60.546017,45.073399,-221.579987,28.000000,0.000000,0.000000,0.000000,1.000000,0.000000,0.000000,0.000000
-50.224815,69.296471,-217.491501,28.000000,0.000000,0.000000,0.000000,1.000000,0.000000,0.000000,0.000000
-60.546017,45.073399,-221.579987,28.000000,0.000000,0.000000,0.000000,1.000000,0.000000,0.000000,0.000000
-39.660194,43.148830,-147.701157,28.000000,0.000000,0.000000,0.000000,1.000000,0.000000,0.000000,0.000000
-54.152504,29.588686,-166.034088,28.000000,0.000000,0.000000,0.000000,1.000000,0.000000,0.000000,0.000000
-35.193275,-12.143259,-116.335068,28.000000,0.000000,0.000000,0.000000,1.000000,0.000000,0.000000,0.000000
-22.282696,15.924177,-183.629471,28.000000,0.000000,0.000000,0.000000,1.000000,0.000000,0.000000,0.000000
-40.723179,18.234230,-187.452057,28.000000,0.000000,0.000000,0.000000,1.000000,0.000000,0.000000,0.000000
-22.282696,15.924177,-183.629471,28.000000,0.000000,0.000000,0.000000,1.000000,0.000000,0.000000,0.000000
-35.193275,-12.143259,-116.335068,28.000000,0.000000,0.000000,0.000000,1.000000,0.000000,0.000000,0.000000
-18.265856,-10.521776,-118.533562,28.000000,0.000000,0.000000,0.000000,1.000000,0.000000,0.000000,0.000000
-46.641422,25.784832,-226.541229,28.000000,0.000000,0.000000,0.000000,1.000000,0.000000,0.000000,0.000000
-22.282696,15.924177,-183.629471,28.000000,0.000000,0.000000,0.000000,1.000000,0.000000,0.000000,0.000000
-27.667250,24.855337,-227.598099,28.000000,0.000000,0.000000,0.000000,1.000000,0.000000,0.000000,0.000000
-22.282696,15.924177,-183.629471,28.000000,0.000000,0.000000,0.000000,1.000000,0.000000,0.000000,0.000000
-46.641422,25.784832,-226.541229,28.000000,0.000000,0.000000,0.000000,1.000000,0.000000,0.000000,0.000000
-40.723179,18.234230,-187.452057,28.000000,0.000000,0.000000,0.000000,1.000000,0.000000,0.000000,0.000000
-17.178793,45.102654,-145.099365,28.000000,0.000000,0.000000,0.000000,1.000000,0.000000,0.000000,0.000000
-50.224815,69.296471,-217.491501,28.000000,0.000000,0.000000,0.000000,1.000000,0.000000,0.000000,0.000000
-27.275452,68.230858,-218.971863,28.000000,0.000000,0.000000,0.000000,1.000000,0.000000,0.000000,0.000000
-50.224815,69.296471,-217.491501,28.000000,0.000000,0.000000,0.000000,1.000000,0.000000,0.000000,0.000000
-17.178793,45.102654,-145.099365,28.000000,0.000000,0.000000,0.000000,1.000000,0.000000,0.000000,0.000000
-39.660194,43.148830,-147.701157,28.000000,0.000000,0.000000,0.000000,1.000000,0.000000,0.000000,0.000000
-27.667250,24.855337,-227.598099,28.000000,0.000000,0.000000,0.000000,1.000000,0.000000,0.000000,0.000000
-13.005860,29.261768,-166.954666,28.000000,0.000000,0.000000,0.000000,1.000000,0.000000,0.000000,0.000000
-19.645855,44.353775,-224.688004,28.000000,0.000000,0.000000,0.000000,1.000000,0.000000,0.000000,0.000000
-13.005860,29.261768,-166.954666,28.000000,0.000000,0.000000,0.000000,1.000000,0.000000,0.000000,0.000000
-27.667250,24.855337,-227.598099,28.000000,0.000000,0.000000,0.000000,1.000000,0.000000,0.000000,0.000000
-22.282696,15.924177,-183.629471,28.000000,0.000000,0.000000,0.000000,1.000000,0.000000,0.000000,0.000000
-54.152504,29.588686,-166.034088,28.000000,0.000000,0.000000,0.000000,1.000000,0.000000,0.000000,0.000000
-46.641422,25.784832,-226.541229,28.000000,0.000000,0.000000,0.000000,1.000000,0.000000,0.000000,0.000000
-60.546017,45.073399,-221.579987,28.000000,0.000000,0.000000,0.000000,1.000000,0.000000,0.000000,0.000000
-46.641422,25.784832,-226.541229,28.000000,0.000000,0.000000,0.000000,1.000000,0.000000,0.000000,0.000000
-54.152504,29.588686,-166.034088,28.000000,0.000000,0.000000,0.000000,1.000000,0.000000,0.000000,0.000000
-40.723179,18.234230,-187.452057,28.000000,0.000000,0.000000,0.000000,1.000000,0.000000,0.000000,0.000000
-54.152504,29.588686,-166.034088,28.000000,0.000000,0.000000,0.000000,1.000000,0.000000,0.000000,0.000000
-35.193275,-12.143259,-116.335068,28.000000,0.000000,0.000000,0.000000,1.000000,0.000000,0.000000,0.000000
-40.723179,18.234230,-187.452057,28.000000,0.000000,0.000000,0.000000,1.000000,0.000000,0.000000,0.000000
-35.193275,-12.143259,-116.335068,28.000000,0.000000,0.000000,0.000000,1.000000,0.000000,0.000000,0.000000
-54.152504,29.588686,-166.034088,28.000000,0.000000,0.000000,0.000000,1.000000,0.000000,0.000000,0.000000
-42.479797,6.797303,-115.257118,28.000000,0.000000,0.000000,0.000000,1.000000,0.000000,0.000000,0.000000
-10.707857,6.949790,-119.321732,28.000000,0.000000,0.000000,0.000000,1.000000,0.000000,0.000000,0.000000
-17.178793,45.102654,-145.099365,28.000000,0.000000,0.000000,0.000000,1.000000,0.000000,0.000000,0.000000
-13.005860,29.261768,-166.954666,28.000000,0.000000,0.000000,0.000000,1.000000,0.000000,0.000000,0.000000
-17.178793,45.102654,-145.099365,28.000000,0.000000,0.000000,0.000000,1.000000,0.000000,0.000000,0.000000
-10.707857,6.949790,-119.321732,28.000000,0.000000,0.000000,0.000000,1.000000,0.000000,0.000000,0.000000
-14.084913,21.354233,-117.869972,28.000000,0.000000,0.000000,0.000000,1.000000,0.000000,0.000000,0.000000
-19.645855,44.353775,-224.688004,28.000000,0.000000,0.000000,0.000000,1.000000,0.000000,0.000000,0.000000
-17.178793,45.102654,-145.099365,28.000000,0.000000,0.000000,0.000000,1.000000,0.000000,0.000000,0.000000
-27.275452,68.230858,-218.971863,28.000000,0.000000,0.000000,0.000000,1.000000,0.000000,0.000000,0.000000
-17.178793,45.102654,-145.099365,28.000000,0.000000,0.000000,0.000000,1.000000,0.000000,0.000000,0.000000
-19.645855,44.353775,-224.688004,28.000000,0.000000,0.000000,0.000000,1.000000,0.000000,0.000000,0.000000
-13.005860,29.261768,-166.954666,28.000000,0.000000,0.000000,0.000000,1.000000,0.000000,0.000000,0.000000
-18.265856,-10.521776,-118.533562,28.000000,0.000000,0.000000,0.000000,1.000000,0.000000,0.000000,0.000000
-13.005860,29.261768,-166.954666,28.000000,0.000000,0.000000,0.000000,1.000000,0.000000,0.000000,0.000000
-22.282696,15.924177,-183.629471,28.000000,0.000000,0.000000,0.000000,1.000000,0.000000,0.000000,0.000000
-13.005860,29.261768,-166.954666,28.000000,0.000000,0.000000,0.000000,1.000000,0.000000,0.000000,0.000000
-18.265856,-10.521776,-118.533562,28.000000,0.000000,0.000000,0.000000,1.000000,0.000000,0.000000,0.000000
-10.707857,6.949790,-119.321732,28.000000,0.000000,0.000000,0.000000,1.000000,0.000000,0.000000,0.000000
-39.660194,43.148830,-147.701157,28.000000,0.000000,0.000000,0.000000,1.000000,0.000000,0.000000,0.000000
-42.479797,6.797303,-115.257118,28.000000,0.000000,0.000000,0.000000,1.000000,0.000000,0.000000,0.000000
-54.152504,29.588686,-166.034088,28.000000,0.000000,0.000000,0.000000,1.000000,0.000000,0.000000,0.000000
-42.479797,6.797303,-115.257118,28.000000,0.000000,0.000000,0.000000,1.000000,0.000000,0.000000,0.000000
-39.660194,43.148830,-147.701157,28.000000,0.000000,0.000000,0.000000,1.000000,0.000000,0.000000,0.000000
-34.892216,23.027411,-115.368614,28.000000,0.000000,0.000000,0.000000,1.000000,0.000000,0.000000,0.000000
4.786962,14.080673,-119.974556,35.000000,0.000000,0.000000,0.000000,1.000000,0.000000,0.000000,0.000000
5.360814,32.521687,-151.193130,35.000000,0.000000,0.000000,0.000000,1.000000,0.000000,0.000000,0.000000
14.719565,18.319525,-120.587379,35.000000,0.000000,0.000000,0.000000,1.000000,0.000000,0.000000,0.000000
25.769215,15.401677,-119.961693,35.000000,0.000000,0.000000,0.000000,1.000000,0.000000,0.000000,0.000000
14.719565,18.319525,-120.587379,35.000000,0.000000,0.000000,0.000000,1.000000,0.000000,0.000000,0.000000
27.393562,29.313021,-155.694534,35.000000,0.000000,0.000000,0.000000,1.000000,0.000000,0.000000,0.000000
5.360814,32.521687,-151.193130,35.000000,0.000000,0.000000,0.000000,1.000000,0.000000,0.000000,0.000000
27.393562,29.313021,-155.694534,35.000000,0.000000,0.000000,0.000000,1.000000,0.000000,0.000000,0.000000
14.719565,18.319525,-120.587379,35.000000,0.000000,0.000000,0.000000,1.000000,0.000000,0.000000,0.000000
40.247116,17.401421,-230.466873,35.000000,0.000000,0.000000,0.000000,1.000000,0.000000,0.000000,0.000000
27.393562,29.313021,-155.694534,35.000000,0.000000,0.000000,0.000000,1.000000,0.000000,0.000000,0.000000
30.861143,42.329182,-229.752335,35.000000,0.000000,0.000000,0.000000,1.000000,0.000000,0.000000,0.000000
27.393562,29.313021,-155.694534,35.000000,0.000000,0.000000,0.000000,1.000000,0.000000,0.000000,0.000000
40.247116,17.401421,-230.466873,35.000000,0.000000,0.000000,0.000000,1.000000,0.000000,0.000000,0.000000
39.585587,12.206595,-172.686447,35.000000,0.000000,0.000000,0.000000,1.000000,0.000000,0.000000,0.000000
5.769097,-3.165292,-184.182129,35.000000,0.000000,0.000000,0.000000,1.000000,0.000000,0.000000,0.000000
25.334129,-19.374557,-114.630211,35.000000,0.000000,0.000000,0.000000,1.000000,0.000000,0.000000,0.000000
23.730188,-2.246539,-190.228210,35.000000,0.000000,0.000000,0.000000,1.000000,0.000000,0.000000,0.000000
25.334129,-19.374557,-114.630211,35.000000,0.000000,0.000000,0.000000,1.000000,0.000000,0.000000,0.000000
5.769097,-3.165292,-184.182129,35.000000,0.000000,0.000000,0.000000,1.000000,0.000000,0.000000,0.000000
8.300265,-17.544281,-115.335648,35.000000,0.000000,0.000000,0.000000,1.000000,0.000000,0.000000,0.000000
5.769097,-3.165292,-184.182129,35.000000,0.000000,0.000000,0.000000,1.000000,0.000000,0.000000,0.000000
25.546240,-1.934645,-230.435226,35.000000,0.000000,0.000000,0.000000,1.000000,0.000000,0.000000,0.000000
6.554821,-2.336766,-229.356186,35.000000,0.000000,0.000000,0.000000,1.000000,0.000000,0.000000,0.000000
25.546240,-1.934645,-230.435226,35.000000,0.000000,0.000000,0.000000,1.000000,0.000000,0.000000,0.000000
5.769097,-3.165292,-184.182129,35.000000,0.000000,0.000000,0.000000,1.000000,0.000000,0.000000,0.000000
23.730188,-2.246539,-190.228210,35.000000,0.000000,0.000000,0.000000,1.000000,0.000000,0.000000,0.000000
30.861143,42.329182,-229.752335,35.000000,0.000000,0.000000,0.000000,1.000000,0.000000,0.000000,0.000000
5.360814,32.521687,-151.193130,35.000000,0.000000,0.000000,0.000000,1.000000,0.000000,0.000000,0.000000
7.870246,41.864811,-228.655457,35.000000,0.000000,0.000000,0.000000,1.000000,0.000000,0.000000,0.000000
5.360814,32.521687,-151.193130,35.000000,0.000000,0.000000,0.000000,1.000000,0.000000,0.000000,0.000000
30.861143,42.329182,-229.752335,35.000000,0.000000,0.000000,0.000000,1.000000,0.000000,0.000000,0.000000
27.393562,29.313021,-155.694534,35.000000,0.000000,0.000000,0.000000,1.000000,0.000000,0.000000,0.000000
-1.420768,13.237625,-169.307632,35.000000,0.000000,0.000000,0.000000,1.000000,0.000000,0.000000,0.000000
6.554821,-2.336766,-229.356186,35.000000,0.000000,0.000000,0.000000,1.000000,0.000000,0.000000,0.000000
-0.756421,17.651133,-229.183182,35.000000,0.000000,0.000000,0.000000,1.000000,0.000000,0.000000,0.000000
6.554821,-2.336766,-229.356186,35.000000,0.000000,0.000000,0.000000,1.000000,0.000000,0.000000,0.000000
-1.420768,13.237625,-169.307632,35.000000,0.000000,0.000000,0.000000,1.000000,0.000000,0.000000,0.000000
5.769097,-3.165292,-184.182129,35.000000,0.000000,0.000000,0.000000,1.000000,0.000000,0.000000,0.000000
25.546240,-1.934645,-230.435226,35.000000,0.000000,0.000000,0.000000,1.000000,0.000000,0.000000,0.000000
39.585587,12.206595,-172.686447,35.000000,0.000000,0.000000,0.000000,1.000000,0.000000,0.000000,0.000000
40.247116,17.401421,-230.466873,35.000000,0.000000,0.000000,0.000000,1.000000,0.000000,0.000000,0.000000
39.585587,12.206595,-172.686447,35.000000,0.000000,0.000000,0.000000,1.000000,0.000000,0.000000,0.000000
25.546240,-1.934645,-230.435226,35.000000,0.000000,0.000000,0.000000,1.000000,0.000000,0.000000,0.000000
23.730188,-2.246539,-190.228210,35.000000,0.000000,0.000000,0.000000,1.000000,0.000000,0.000000,0.000000
25.334129,-19.374557,-114.630211,35.000000,0.000000,0.000000,0.000000,1.000000,0.000000,0.000000,0.000000
39.585587,12.206595,-172.686447,35.000000,0.000000,0.000000,0.000000,1.000000,0.000000,0.000000,0.000000
23.730188,-2.246539,-190.228210,35.000000,0.000000,0.000000,0.000000,1.000000,0.000000,0.000000,0.000000
39.585587,12.206595,-172.686447,35.000000,0.000000,0.000000,0.000000,1.000000,0.000000,0.000000,0.000000
25.334129,-19.374557,-114.630211,35.000000,0.000000,0.000000,0.000000,1.000000,0.000000,0.000000,0.000000
33.032642,-0.822308,-117.720039,35.000000,0.000000,0.000000,0.000000,1.000000,0.000000,0.000000,0.000000
5.360814,32.521687,-151.193130,35.000000,0.000000,0.000000,0.000000,1.000000,0.000000,0.000000,0.000000
1.015743,-0.219661,-118.465088,35.000000,0.000000,0.000000,0.000000,1.000000,0.000000,0.000000,0.000000
-1.420768,13.237625,-169.307632,35.000000,0.000000,0.000000,0.000000,1.000000,0.000000,0.000000,0.000000
1.015743,-0.219661,-118.465088,35.000000,0.000000,0.000000,0.000000,1.000000,0.000000,0.000000,0.000000
5.360814,32.521687,-151.193130,35.000000,0.000000,0.000000,0.000000,1.000000,0.000000,0.000000,0.000000
4.786962,14.080673,-119.974556,35.000000,0.000000,0.000000,0.000000,1.000000,0.000000,0.000000,0.000000
5.360814,32.521687,-151.193130,35.000000,0.000000,0.000000,0.000000,1.000000,0.000000,0.000000,0.000000
-0.756421,17.651133,-229.183182,35.000000,0.000000,0.000000,0.000000,1.000000,0.000000,0.000000,0.000000
7.870246,41.864811,-228.655457,35.000000,0.000000,0.000000,0.000000,1.000000,0.000000,0.000000,0.000000
-0.756421,17.651133,-229.183182,35.000000,0.000000,0.000000,0.000000,1.000000,0.000000,0.000000,0.000000
5.360814,32.521687,-151.193130,35.000000,0.000000,0.000000,0.000000,1.000000,0.000000,0.000000,0.000000
-1.420768,13.237625,-169.307632,35.000000,0.000000,0.000000,0.000000,1.000000,0.000000,0.000000,0.000000
-1.420768,13.237625,-169.307632,35.000000,0.000000,0.000000,0.000000,1.000000,0.000000,0.000000,0.000000
8.300265,-17.544281,-115.335648,35.000000,0.000000,0.000000,0.000000,1.000000,0.000000,0.000000,0.000000
5.769097,-3.165292,-184.182129,35.000000,0.000000,0.000000,0.000000,1.000000,0.000000,0.000000,0.000000
8.300265,-17.544281,-115.335648,35.000000,0.000000,0.000000,0.000000,1.000000,0.000000,0.000000,0.000000
-1.420768,13.237625,-169.307632,35.000000,0.000000,0.000000,0.000000,1.000000,0.000000,0.000000,0.000000
1.015743,-0.219661,-118.465088,35.000000,0.000000,0.000000,0.000000,1.000000,0.000000,0.000000,0.000000
33.032642,-0.822308,-117.720039,35.000000,0.000000,0.000000,0.000000,1.000000,0.000000,0.000000,0.000000
27.393562,29.313021,-155.694534,35.000000,0.000000,0.000000,0.000000,1.000000,0.000000,0.000000,0.000000
39.585587,12.206595,-172.686447,35.000000,0.000000,0.000000,0.000000,1.000000,0.000000,0.000000,0.000000
27.393562,29.313021,-155.694534,35.000000,0.000000,0.000000,0.000000,1.000000,0.000000,0.000000,0.000000
33.032642,-0.822308,-117.720039,35.000000,0.000000,0.000000,0.000000,1.000000,0.000000,0.000000,0.000000
25.769215,15.401677,-119.961693,35.000000,0.000000,0.000000,0.000000,1.000000,0.000000,0.000000,0.000000
18.773031,28.502222,-9.364611,26.000000,0.000000,0.000000,0.000000,1.000000,0.000000,0.000000,0.000000
1.227905,24.887512,19.516222,26.000000,0.000000,0.000000,0.000000,1.000000,0.000000,0.000000,0.000000
1.829120,30.321056,-8.592765,26.000000,0.000000,0.000000,0.000000,1.000000,0.000000,0.000000,0.000000
-0.729133,-25.765327,-15.504640,26.000000,0.000000,0.000000,0.000000,1.000000,0.000000,0.000000,0.000000
27.268236,-22.809219,-1.242490,26.000000,0.000000,0.000000,0.000000,1.000000,0.000000,0.000000,0.000000
0.698902,-21.158094,-32.584869,26.000000,0.000000,0.000000,0.000000,1.000000,0.000000,0.000000,0.000000
-0.729133,-25.765327,-15.504640,26.000000,0.000000,0.000000,0.000000,1.000000,0.000000,0.000000,0.000000
0.698902,-21.158094,-32.584869,26.000000,0.000000,0.000000,0.000000,1.000000,0.000000,0.000000,0.000000
-1.298730,-21.063953,-32.609394,26.000000,0.000000,0.000000,0.000000,1.000000,0.000000,0.000000,0.000000
-16.191422,26.914196,-21.732531,26.000000,0.000000,0.000000,0.000000,1.000000,0.000000,0.000000,0.000000
-16.130821,28.971432,-18.772110,26.000000,0.000000,0.000000,0.000000,1.000000,0.000000,0.000000,0.000000
-30.454746,23.738010,-13.828770,26.000000,0.000000,0.000000,0.000000,1.000000,0.000000,0.000000,0.000000
1.829120,30.321056,-8.592765,26.000000,0.000000,0.000000,0.000000,1.000000,0.000000,0.000000,0.000000
1.227905,24.887512,19.516222,26.000000,0.000000,0.000000,0.000000,1.000000,0.000000,0.000000,0.000000
-15.186727,30.102608,-9.781607,26.000000,0.000000,0.000000,0.000000,1.000000,0.000000,0.000000,0.000000
-0.729133,-25.765327,-15.504640,26.000000,0.000000,0.000000,0.000000,1.000000,0.000000,0.000000,0.000000
-1.298730,-21.063953,-32.609394,26.000000,0.000000,0.000000,0.000000,1.000000,0.000000,0.000000,0.000000
-28.665483,-20.173290,-1.929307,26.000000,0.000000,0.000000,0.000000,1.000000,0.000000,0.000000,0.000000
33.469505,20.725517,-13.043836,26.000000,0.000000,0.000000,0.000000,1.000000,0.000000,0.000000,0.000000
26.960619,18.670225,19.932066,26.000000,0.000000,0.000000,0.000000,1.000000,0.000000,0.000000,0.000000
18.773031,28.502222,-9.364611,26.000000,0.000000,0.000000,0.000000,1.000000,0.000000,0.000000,0.000000
18.773031,28.502222,-9.364611,26.000000,0.000000,0.000000,0.000000,1.000000,0.000000,0.000000,0.000000
19.826567,27.276903,-18.330584,26.000000,0.000000,0.000000,0.000000,1.000000,0.000000,0.000000,0.000000
33.469505,20.725517,-13.043836,26.000000,0.000000,0.000000,0.000000,1.000000,0.000000,0.000000,0.000000
-30.454746,23.738010,-13.828770,26.000000,0.000000,0.000000,0.000000,1.000000,0.000000,0.000000,0.000000
-15.186727,30.102608,-9.781607,26.000000,0.000000,0.000000,0.000000,1.000000,0.000000,0.000000,0.000000
-24.977835,21.117874,19.294308,26.000000,0.000000,0.000000,0.000000,1.000000,0.000000,0.000000,0.000000
-15.186727,30.102608,-9.781607,26.000000,0.000000,0.000000,0.000000,1.000000,0.000000,0.000000,0.000000
-30.454746,23.738010,-13.828770,26.000000,0.000000,0.000000,0.000000,1.000000,0.000000,0.000000,0.000000
-16.130821,28.971432,-18.772110,26.000000,0.000000,0.000000,0.000000,1.000000,0.000000,0.000000,0.000000
19.765968,25.219669,-21.291004,26.000000,0.000000,0.000000,0.000000,1.000000,0.000000,0.000000,0.000000
33.469505,20.725517,-13.043836,26.000000,0.000000,0.000000,0.000000,1.000000,0.000000,0.000000,0.000000
19.826567,27.276903,-18.330584,26.000000,0.000000,0.000000,0.000000,1.000000,0.000000,0.000000,0.000000
3.875592,25.813189,-29.485132,26.000000,0.000000,0.000000,0.000000,1.000000,0.000000,0.000000,0.000000
1.906510,29.102909,-19.570475,26.000000,0.000000,0.000000,0.000000,1.000000,0.000000,0.000000,0.000000
-0.119673,26.001469,-29.534191,26.000000,0.000000,0.000000,0.000000,1.000000,0.000000,0.000000,0.000000
18.773031,28.502222,-9.364611,26.000000,0.000000,0.000000,0.000000,1.000000,0.000000,0.000000,0.000000
26.960619,18.670225,19.932066,26.000000,0.000000,0.000000,0.000000,1.000000,0.000000,0.000000,0.000000
1.227905,24.887512,19.516222,26.000000,0.000000,0.000000,0.000000,1.000000,0.000000,0.000000,0.000000
1.227905,24.887512,19.516222,26.000000,0.000000,0.000000,0.000000,1.000000,0.000000,0.000000,0.000000
-24.977835,21.117874,19.294308,26.000000,0.000000,0.000000,0.000000,1.000000,0.000000,0.000000,0.000000
-15.186727,30.102608,-9.781607,26.000000,0.000000,0.000000,0.000000,1.000000,0.000000,0.000000,0.000000
27.268236,-22.809219,-1.242490,26.000000,0.000000,0.000000,0.000000,1.000000,0.000000,0.000000,0.000000
37.001553,-1.821398,20.454842,26.000000,0.000000,0.000000,0.000000,1.000000,0.000000,0.000000,0.000000
41.361519,-1.569598,-7.508121,26.000000,0.000000,0.000000,0.000000,1.000000,0.000000,0.000000,0.000000
37.001553,-1.821398,20.454842,26.000000,0.000000,0.000000,0.000000,1.000000,0.000000,0.000000,0.000000
27.268236,-22.809219,-1.242490,26.000000,0.000000,0.000000,0.000000,1.000000,0.000000,0.000000,0.000000
26.090008,-21.364450,18.720585,26.000000,0.000000,0.000000,0.000000,1.000000,0.000000,0.000000,0.000000
-28.665483,-20.173290,-1.929307,26.000000,0.000000,0.000000,0.000000,1.000000,0.000000,0.000000,0.000000
-1.103212,-25.106968,17.486671,26.000000,0.000000,0.000000,0.000000,1.000000,0.000000,0.000000,0.000000
-0.729133,-25.765327,-15.504640,26.000000,0.000000,0.000000,0.000000,1.000000,0.000000,0.000000,0.000000
-1.103212,-25.106968,17.486671,26.000000,0.000000,0.000000,0.000000,1.000000,0.000000,0.000000,0.000000
-28.665483,-20.173290,-1.929307,26.000000,0.000000,0.000000,0.000000,1.000000,0.000000,0.000000,0.000000
-27.846081,-18.822657,18.058298,26.000000,0.000000,0.000000,0.000000,1.000000,0.000000,0.000000,0.000000
-1.103212,-25.106968,17.486671,26.000000,0.000000,0.000000,0.000000,1.000000,0.000000,0.000000,0.000000
27.268236,-22.809219,-1.242490,26.000000,0.000000,0.000000,0.000000,1.000000,0.000000,0.000000,0.000000
-0.729133,-25.765327,-15.504640,26.000000,0.000000,0.000000,0.000000,1.000000,0.000000,0.000000,0.000000
27.268236,-22.809219,-1.242490,26.000000,0.000000,0.000000,0.000000,1.000000,0.000000,0.000000,0.000000
-1.103212,-25.106968,17.486671,26.000000,0.000000,0.000000,0.000000,1.000000,0.000000,0.000000,0.000000
26.090008,-21.364450,18.720585,26.000000,0.000000,0.000000,0.000000,1.000000,0.000000,0.000000,0.000000
3.875592,25.813189,-29.485132,26.000000,0.000000,0.000000,0.000000,1.000000,0.000000,0.000000,0.000000
19.826567,27.276903,-18.330584,26.000000,0.000000,0.000000,0.000000,1.000000,0.000000,0.000000,0.000000
1.906510,29.102909,-19.570475,26.000000,0.000000,0.000000,0.000000,1.000000,0.000000,0.000000,0.000000
19.826567,27.276903,-18.330584,26.000000,0.000000,0.000000,0.000000,1.000000,0.000000,0.000000,0.000000
3.875592,25.813189,-29.485132,26.000000,0.000000,0.000000,0.000000,1.000000,0.000000,0.000000,0.000000
19.765968,25.219669,-21.291004,26.000000,0.000000,0.000000,0.000000,1.000000,0.000000,0.000000,0.000000
1.829120,30.321056,-8.592765,26.000000,0.000000,0.000000,0.000000,1.000000,0.000000,0.000000,0.000000
-16.130821,28.971432,-18.772110,26.000000,0.000000,0.000000,0.000000,1.000000,0.000000,0.000000,0.000000
1.906510,29.102909,-19.570475,26.000000,0.000000,0.000000,0.000000,1.000000,0.000000,0.000000,0.000000
-16.130821,28.971432,-18.772110,26.000000,0.000000,0.000000,0.000000,1.000000,0.000000,0.000000,0.000000
1.829120,30.321056,-8.592765,26.000000,0.000000,0.000000,0.000000,1.000000,0.000000,0.000000,0.000000
-15.186727,30.102608,-9.781607,26.000000,0.000000,0.000000,0.000000,1.000000,0.000000,0.000000,0.000000
19.826567,27.276903,-18.330584,26.000000,0.000000,0.000000,0.000000,1.000000,0.000000,0.000000,0.000000
1.829120,30.321056,-8.592765,26.000000,0.000000,0.000000,0.000000,1.000000,0.000000,0.000000,0.000000
1.906510,29.102909,-19.570475,26.000000,0.000000,0.000000,0.000000,1.000000,0.000000,0.000000,0.000000
1.829120,30.321056,-8.592765,26.000000,0.000000,0.000000,0.000000,1.000000,0.000000,0.000000,0.000000
19.826567,27.276903,-18.330584,26.000000,0.000000,0.000000,0.000000,1.000000,0.000000,0.000000,0.000000
18.773031,28.502222,-9.364611,26.000000,0.000000,0.000000,0.000000,1.000000,0.000000,0.000000,0.000000
-36.910866,1.661796,19.547262,26.000000,0.000000,0.000000,0.000000,1.000000,0.000000,0.000000,0.000000
-28.665483,-20.173290,-1.929307,26.000000,0.000000,0.000000,0.000000,1.000000,0.000000,0.000000,0.000000
-40.541424,2.290158,-8.513817,26.000000,0.000000,0.000000,0.000000,1.000000,0.000000,0.000000,0.000000
-28.665483,-20.173290,-1.929307,26.000000,0.000000,0.000000,0.000000,1.000000,0.000000,0.000000,0.000000
-36.910866,1.661796,19.547262,26.000000,0.000000,0.000000,0.000000,1.000000,0.000000,0.000000,0.000000
-27.846081,-18.822657,18.058298,26.000000,0.000000,0.000000,0.000000,1.000000,0.000000,0.000000,0.000000
-16.130821,28.971432,-18.772110,26.000000,0.000000,0.000000,0.000000,1.000000,0.000000,0.000000,0.000000
-0.119673,26.001469,-29.534191,26.000000,0.000000,0.000000,0.000000,1.000000,0.000000,0.000000,0.000000
1.906510,29.102909,-19.570475,26.000000,0.000000,0.000000,0.000000,1.000000,0.000000,0.000000,0.000000
-0.119673,26.001469,-29.534191,26.000000,0.000000,0.000000,0.000000,1.000000,0.000000,0.000000,0.000000
-16.130821,28.971432,-18.772110,26.000000,0.000000,0.000000,0.000000,1.000000,0.000000,0.000000,0.000000
-16.191422,26.914196,-21.732531,26.000000,0.000000,0.000000,0.000000,1.000000,0.000000,0.000000,0.000000
41.361519,-1.569598,-7.508121,26.000000,0.000000,0.000000,0.000000,1.000000,0.000000,0.000000,0.000000
26.960619,18.670225,19.932066,26.000000,0.000000,0.000000,0.000000,1.000000,0.000000,0.000000,0.000000
33.469505,20.725517,-13.043836,26.000000,0.000000,0.000000,0.000000,1.000000,0.000000,0.000000,0.000000
26.960619,18.670225,19.932066,26.000000,0.000000,0.000000,0.000000,1.000000,0.000000,0.000000,0.000000
41.361519,-1.569598,-7.508121,26.000000,0.000000,0.000000,0.000000,1.000000,0.000000,0.000000,0.000000
37.001553,-1.821398,20.454842,26.000000,0.000000,0.000000,0.000000,1.000000,0.000000,0.000000,0.000000
-1.298730,-21.063953,-32.609394,26.000000,0.000000,0.000000,0.000000,1.000000,0.000000,0.000000,0.000000
3.875592,25.813189,-29.485132,26.000000,0.000000,0.000000,0.000000,1.000000,0.000000,0.000000,0.000000
-0.119673,26.001469,-29.534191,26.000000,0.000000,0.000000,0.000000,1.000000,0.000000,0.000000,0.000000
3.875592,25.813189,-29.485132,26.000000,0.000000,0.000000,0.000000,1.000000,0.000000,0.000000,0.000000
-1.298730,-21.063953,-32.609394,26.000000,0.000000,0.000000,0.000000,1.000000,0.000000,0.000000,0.000000
0.698902,-21.158094,-32.584869,26.000000,0.000000,0.000000,0.000000,1.000000,0.000000,0.000000,0.000000
-24.977835,21.117874,19.294308,26.000000,0.000000,0.000000,0.000000,1.000000,0.000000,0.000000,0.000000
-40.541424,2.290158,-8.513817,26.000000,0.000000,0.000000,0.000000,1.000000,0.000000,0.000000,0.000000
-30.454746,23.738010,-13.828770,26.000000,0.000000,0.000000,0.000000,1.000000,0.000000,0.000000,0.000000
-40.541424,2.290158,-8.513817,26.000000,0.000000,0.000000,0.000000,1.000000,0.000000,0.000000,0.000000
-24.977835,21.117874,19.294308,26.000000,0.000000,0.000000,0.000000,1.000000,0.000000,0.000000,0.000000
-36.910866,1.661796,19.547262,26.000000,0.000000,0.000000,0.000000,1.000000,0.000000,0.000000,0.000000
-1.298730,-21.063953,-32.609394,26.000000,0.000000,0.000000,0.000000,1.000000,0.000000,0.000000,0.000000
-4.011629,4.416925,-74.542709,27.000000,0.000000,0.000000,0.000000,1.000000,0.000000,0.000000,0.000000
-18.265856,-10.521776,-118.533562,28.000000,0.000000,0.000000,0.000000,1.000000,0.000000,0.000000,0.000000
-8.453397,22.275566,-65.304749,27.000000,0.000000,0.000000,0.000000,1.000000,0.000000,0.000000,0.000000
-4.011629,4.416925,-74.542709,27.000000,0.000000,0.000000,0.000000,1.000000,0.000000,0.000000,0.000000
-0.119673,26.001469,-29.534191,26.000000,0.000000,0.000000,0.000000,1.000000,0.000000,0.000000,0.000000
-1.298730,-21.063953,-32.609394,26.000000,0.000000,0.000000,0.000000,1.000000,0.000000,0.000000,0.000000
-0.119673,26.001469,-29.534191,26.000000,0.000000,0.000000,0.000000,1.000000,0.000000,0.000000,0.000000
-4.011629,4.416925,-74.542709,27.000000,0.000000,0.000000,0.000000,1.000000,0.000000,0.000000,0.000000
-40.506710,4.557190,-67.680534,27.000000,0.000000,0.000000,0.000000,1.000000,0.000000,0.000000,0.000000
-35.193275,-12.143259,-116.335068,28.000000,0.000000,0.000000,0.000000,1.000000,0.000000,0.000000,0.000000
-42.479797,6.797303,-115.257118,28.000000,0.000000,0.000000,0.000000,1.000000,0.000000,0.000000,0.000000
-10.707857,6.949790,-119.321732,28.000000,0.000000,0.000000,0.000000,1.000000,0.000000,0.000000,0.000000
-18.265856,-10.521776,-118.533562,28.000000,0.000000,0.000000,0.000000,1.000000,0.000000,0.000000,0.000000
-4.011629,4.416925,-74.542709,27.000000,0.000000,0.000000,0.000000,1.000000,0.000000,0.000000,0.000000
-40.506710,4.557190,-67.680534,27.000000,0.000000,0.000000,0.000000,1.000000,0.000000,0.000000,0.000000
-34.892216,23.027411,-115.368614,28.000000,0.000000,0.000000,0.000000,1.000000,0.000000,0.000000,0.000000
-32.171665,21.014900,-60.848919,27.000000,0.000000,0.000000,0.000000,1.000000,0.000000,0.000000,0.000000
-34.892216,23.027411,-115.368614,28.000000,0.000000,0.000000,0.000000,1.000000,0.000000,0.000000,0.000000
-40.506710,4.557190,-67.680534,27.000000,0.000000,0.000000,0.000000,1.000000,0.000000,0.000000,0.000000
-42.479797,6.797303,-115.257118,28.000000,0.000000,0.000000,0.000000,1.000000,0.000000,0.000000,0.000000
-40.506710,4.557190,-67.680534,27.000000,0.000000,0.000000,0.000000,1.000000,0.000000,0.000000,0.000000
-30.454746,23.738010,-13.828770,26.000000,0.000000,0.000000,0.000000,1.000000,0.000000,0.000000,0.000000
-40.541424,2.290158,-8.513817,26.000000,0.000000,0.000000,0.000000,1.000000,0.000000,0.000000,0.000000
-30.454746,23.738010,-13.828770,26.000000,0.000000,0.000000,0.000000,1.000000,0.000000,0.000000,0.000000
-40.506710,4.557190,-67.680534,27.000000,0.000000,0.000000,0.000000,1.000000,0.000000,0.000000,0.000000
-32.171665,21.014900,-60.848919,27.000000,0.000000,0.000000,0.000000,1.000000,0.000000,0.000000,0.000000
-20.131922,23.602385,-62.010567,27.000000,0.000000,0.000000,0.000000,1.000000,0.000000,0.000000,0.000000
-0.119673,26.001469,-29.534191,26.000000,0.000000,0.000000,0.000000,1.000000,0.000000,0.000000,0.000000
-16.191422,26.914196,-21.732531,26.000000,0.000000,0.000000,0.000000,1.000000,0.000000,0.000000,0.000000
-0.119673,26.001469,-29.534191,26.000000,0.000000,0.000000,0.000000,1.000000,0.000000,0.000000,0.000000
-20.131922,23.602385,-62.010567,27.000000,0.000000,0.000000,0.000000,1.000000,0.000000,0.000000,0.000000
-8.453397,22.275566,-65.304749,27.000000,0.000000,0.000000,0.000000,1.000000,0.000000,0.000000,0.000000
-32.171665,21.014900,-60.848919,27.000000,0.000000,0.000000,0.000000,1.000000,0.000000,0.000000,0.000000
-16.191422,26.914196,-21.732531,26.000000,0.000000,0.000000,0.000000,1.000000,0.000000,0.000000,0.000000
-30.454746,23.738010,-13.828770,26.000000,0.000000,0.000000,0.000000,1.000000,0.000000,0.000000,0.000000
-16.191422,26.914196,-21.732531,26.000000,0.000000,0.000000,0.000000,1.000000,0.000000,0.000000,0.000000
-32.171665,21.014900,-60.848919,27.000000,0.000000,0.000000,0.000000,1.000000,0.000000,0.000000,0.000000
-20.131922,23.602385,-62.010567,27.000000,0.000000,0.000000,0.000000,1.000000,0.000000,0.000000,0.000000
-32.171665,21.014900,-60.848919,27.000000,0.000000,0.000000,0.000000,1.000000,0.000000,0.000000,0.000000
-23.865137,25.811615,-116.653839,28.000000,0.000000,0.000000,0.000000,1.000000,0.000000,0.000000,0.000000
-20.131922,23.602385,-62.010567,27.000000,0.000000,0.000000,0.000000,1.000000,0.000000,0.000000,0.000000
-23.865137,25.811615,-116.653839,28.000000,0.000000,0.000000,0.000000,1.000000,0.000000,0.000000,0.000000
-32.171665,21.014900,-60.848919,27.000000,0.000000,0.000000,0.000000,1.000000,0.000000,0.000000,0.000000
-34.892216,23.027411,-115.368614,28.000000,0.000000,0.000000,0.000000,1.000000,0.000000,0.000000,0.000000
-1.298730,-21.063953,-32.609394,26.000000,0.000000,0.000000,0.000000,1.000000,0.000000,0.000000,0.000000
-35.193275,-12.143259,-116.335068,28.000000,0.000000,0.000000,0.000000,1.000000,0.000000,0.000000,0.000000
-28.665483,-20.173290,-1.929307,26.000000,0.000000,0.000000,0.000000,1.000000,0.000000,0.000000,0.000000
-35.193275,-12.143259,-116.335068,28.000000,0.000000,0.000000,0.000000,1.000000,0.000000,0.000000,0.000000
-1.298730,-21.063953,-32.609394,26.000000,0.000000,0.000000,0.000000,1.000000,0.000000,0.000000,0.000000
-18.265856,-10.521776,-118.533562,28.000000,0.000000,0.000000,0.000000,1.000000,0.000000,0.000000,0.000000
-35.193275,-12.143259,-116.335068,28.000000,0.000000,0.000000,0.000000,1.000000,0.000000,0.000000,0.000000
-40.541424,2.290158,-8.513817,26.000000,0.000000,0.000000,0.000000,1.000000,0.000000,0.000000,0.000000
-28.665483,-20.173290,-1.929307,26.000000,0.000000,0.000000,0.000000,1.000000,0.000000,0.000000,0.000000
-40.541424,2.290158,-8.513817,26.000000,0.000000,0.000000,0.000000,1.000000,0.000000,0.000000,0.000000
-35.193275,-12.143259,-116.335068,28.000000,0.000000,0.000000,0.000000,1.000000,0.000000,0.000000,0.000000
-40.506710,4.557190,-67.680534,27.000000,0.000000,0.000000,0.000000,1.000000,0.000000,0.000000,0.000000
-23.865137,25.811615,-116.653839,28.000000,0.000000,0.000000,0.000000,1.000000,0.000000,0.000000,0.000000
-8.453397,22.275566,-65.304749,27.000000,0.000000,0.000000,0.000000,1.000000,0.000000,0.000000,0.000000
-20.131922,23.602385,-62.010567,27.000000,0.000000,0.000000,0.000000,1.000000,0.000000,0.000000,0.000000
-8.453397,22.275566,-65.304749,27.000000,0.000000,0.000000,0.000000,1.000000,0.000000,0.000000,0.000000
-23.865137,25.811615,-116.653839,28.000000,0.000000,0.000000,0.000000,1.000000,0.000000,0.000000,0.000000
-14.084913,21.354233,-117.869972,28.000000,0.000000,0.000000,0.000000,1.000000,0.000000,0.000000,0.000000
-14.084913,21.354233,-117.869972,28.000000,0.000000,0.000000,0.000000,1.000000,0.000000,0.000000,0.000000
-4.011629,4.416925,-74.542709,27.000000,0.000000,0.000000,0.000000,1.000000,0.000000,0.000000,0.000000
-8.453397,22.275566,-65.304749,27.000000,0.000000,0.000000,0.000000,1.000000,0.000000,0.000000,0.000000
-4.011629,4.416925,-74.542709,27.000000,0.000000,0.000000,0.000000,1.000000,0.000000,0.000000,0.000000
-14.084913,21.354233,-117.869972,28.000000,0.000000,0.000000,0.000000,1.000000,0.000000,0.000000,0.000000
-10.707857,6.949790,-119.321732,28.000000,0.000000,0.000000,0.000000,1.000000,0.000000,0.000000,0.000000
8.300265,-17.544281,-115.335648,35.000000,0.000000,0.000000,0.000000,1.000000,0.000000,0.000000,0.000000
-0.791426,0.476713,-72.747459,34.000000,0.000000,0.000000,0.000000,1.000000,0.000000,0.000000,0.000000
0.698902,-21.158094,-32.584869,26.000000,0.000000,0.000000,0.000000,1.000000,0.000000,0.000000,0.000000
4.960952,18.661324,-64.986656,34.000000,0.000000,0.000000,0.000000,1.000000,0.000000,0.000000,0.000000
3.875592,25.813189,-29.485132,26.000000,0.000000,0.000000,0.000000,1.000000,0.000000,0.000000,0.000000
-0.791426,0.476713,-72.747459,34.000000,0.000000,0.000000,0.000000,1.000000,0.000000,0.000000,0.000000
0.698902,-21.158094,-32.584869,26.000000,0.000000,0.000000,0.000000,1.000000,0.000000,0.000000,0.000000
-0.791426,0.476713,-72.747459,34.000000,0.000000,0.000000,0.000000,1.000000,0.000000,0.000000,0.000000
3.875592,25.813189,-29.485132,26.000000,0.000000,0.000000,0.000000,1.000000,0.000000,0.000000,0.000000
25.334129,-19.374557,-114.630211,35.000000,0.000000,0.000000,0.000000,1.000000,0.000000,0.000000,0.000000
36.232178,0.088207,-69.900963,34.000000,0.000000,0.000000,0.000000,1.000000,0.000000,0.000000,0.000000
33.032642,-0.822308,-117.720039,35.000000,0.000000,0.000000,0.000000,1.000000,0.000000,0.000000,0.000000
1.015743,-0.219661,-118.465088,35.000000,0.000000,0.000000,0.000000,1.000000,0.000000,0.000000,0.000000
-0.791426,0.476713,-72.747459,34.000000,0.000000,0.000000,0.000000,1.000000,0.000000,0.000000,0.000000
8.300265,-17.544281,-115.335648,35.000000,0.000000,0.000000,0.000000,1.000000,0.000000,0.000000,0.000000
25.769215,15.401677,-119.961693,35.000000,0.000000,0.000000,0.000000,1.000000,0.000000,0.000000,0.000000
36.232178,0.088207,-69.900963,34.000000,0.000000,0.000000,0.000000,1.000000,0.000000,0.000000,0.000000
28.997593,17.058867,-63.070320,34.000000,0.000000,0.000000,0.000000,1.000000,0.000000,0.000000,0.000000
36.232178,0.088207,-69.900963,34.000000,0.000000,0.000000,0.000000,1.000000,0.000000,0.000000,0.000000
25.769215,15.401677,-119.961693,35.000000,0.000000,0.000000,0.000000,1.000000,0.000000,0.000000,0.000000
33.032642,-0.822308,-117.720039,35.000000,0.000000,0.000000,0.000000,1.000000,0.000000,0.000000,0.000000
33.469505,20.725517,-13.043836,26.000000,0.000000,0.000000,0.000000,1.000000,0.000000,0.000000,0.000000
36.232178,0.088207,-69.900963,34.000000,0.000000,0.000000,0.000000,1.000000,0.000000,0.000000,0.000000
41.361519,-1.569598,-7.508121,26.000000,0.000000,0.000000,0.000000,1.000000,0.000000,0.000000,0.000000
36.232178,0.088207,-69.900963,34.000000,0.000000,0.000000,0.000000,1.000000,0.000000,0.000000,0.000000
33.469505,20.725517,-13.043836,26.000000,0.000000,0.000000,0.000000,1.000000,0.000000,0.000000,0.000000
28.997593,17.058867,-63.070320,34.000000,0.000000,0.000000,0.000000,1.000000,0.000000,0.000000,0.000000
3.875592,25.813189,-29.485132,26.000000,0.000000,0.000000,0.000000,1.000000,0.000000,0.000000,0.000000
16.952320,19.871548,-63.052097,34.000000,0.000000,0.000000,0.000000,1.000000,0.000000,0.000000,0.000000
19.765968,25.219669,-21.291004,26.000000,0.000000,0.000000,0.000000,1.000000,0.000000,0.000000,0.000000
16.952320,19.871548,-63.052097,34.000000,0.000000,0.000000,0.000000,1.000000,0.000000,0.000000,0.000000
3.875592,25.813189,-29.485132,26.000000,0.000000,0.000000,0.000000,1.000000,0.000000,0.000000,0.000000
4.960952,18.661324,-64.986656,34.000000,0.000000,0.000000,0.000000,1.000000,0.000000,0.000000,0.000000
19.765968,25.219669,-21.291004,26.000000,0.000000,0.000000,0.000000,1.000000,0.000000,0.000000,0.000000
28.997593,17.058867,-63.070320,34.000000,0.000000,0.000000,0.000000,1.000000,0.000000,0.000000,0.000000
33.469505,20.725517,-13.043836,26.000000,0.000000,0.000000,0.000000,1.000000,0.000000,0.000000,0.000000
28.997593,17.058867,-63.070320,34.000000,0.000000,0.000000,0.000000,1.000000,0.000000,0.000000,0.000000
19.765968,25.219669,-21.291004,26.000000,0.000000,0.000000,0.000000,1.000000,0.000000,0.000000,0.000000
16.952320,19.871548,-63.052097,34.000000,0.000000,0.000000,0.000000,1.000000,0.000000,0.000000,0.000000
14.719565,18.319525,-120.587379,35.000000,0.000000,0.000000,0.000000,1.000000,0.000000,0.000000,0.000000
28.997593,17.058867,-63.070320,34.000000,0.000000,0.000000,0.000000,1.000000,0.000000,0.000000,0.000000
16.952320,19.871548,-63.052097,34.000000,0.000000,0.000000,0.000000,1.000000,0.000000,0.000000,0.000000
28.997593,17.058867,-63.070320,34.000000,0.000000,0.000000,0.000000,1.000000,0.000000,0.000000,0.000000
14.719565,18.319525,-120.587379,35.000000,0.000000,0.000000,0.000000,1.000000,0.000000,0.000000,0.000000
25.769215,15.401677,-119.961693,35.000000,0.000000,0.000000,0.000000,1.000000,0.000000,0.000000,0.000000
25.334129,-19.374557,-114.630211,35.000000,0.000000,0.000000,0.000000,1.000000,0.000000,0.000000,0.000000
0.698902,-21.158094,-32.584869,26.000000,0.000000,0.000000,0.000000,1.000000,0.000000,0.000000,0.000000
27.268236,-22.809219,-1.242490,26.000000,0.000000,0.000000,0.000000,1.000000,0.000000,0.000000,0.000000
0.698902,-21.158094,-32.584869,26.000000,0.000000,0.000000,0.000000,1.000000,0.000000,0.000000,0.000000
25.334129,-19.374557,-114.630211,35.000000,0.000000,0.000000,0.000000,1.000000,0.000000,0.000000,0.000000
8.300265,-17.544281,-115.335648,35.000000,0.000000,0.000000,0.000000,1.000000,0.000000,0.000000,0.000000
41.361519,-1.569598,-7.508121,26.000000,0.000000,0.000000,0.000000,1.000000,0.000000,0.000000,0.000000
25.334129,-19.374557,-114.630211,35.000000,0.000000,0.000000,0.000000,1.000000,0.000000,0.000000,0.000000
27.268236,-22.809219,-1.242490,26.000000,0.000000,0.000000,0.000000,1.000000,0.000000,0.000000,0.000000
25.334129,-19.374557,-114.630211,35.000000,0.000000,0.000000,0.000000,1.000000,0.000000,0.000000,0.000000
41.361519,-1.569598,-7.508121,26.000000,0.000000,0.000000,0.000000,1.000000,0.000000,0.000000,0.000000
36.232178,0.088207,-69.900963,34.000000,0.000000,0.000000,0.000000,1.000000,0.000000,0.000000,0.000000
4.960952,18.661324,-64.986656,34.000000,0.000000,0.000000,0.000000,1.000000,0.000000,0.000000,0.000000
14.719565,18.319525,-120.587379,35.000000,0.000000,0.000000,0.000000,1.000000,0.000000,0.000000,0.000000
16.952320,19.871548,-63.052097,34.000000,0.000000,0.000000,0.000000,1.000000,0.000000,0.000000,0.000000
14.719565,18.319525,-120.587379,35.000000,0.000000,0.000000,0.000000,1.000000,0.000000,0.000000,0.000000
4.960952,18.661324,-64.986656,34.000000,0.000000,0.000000,0.000000,1.000000,0.000000,0.000000,0.000000
4.786962,14.080673,-119.974556,35.000000,0.000000,0.000000,0.000000,1.000000,0.000000,0.000000,0.000000
-0.791426,0.476713,-72.747459,34.000000,0.000000,0.000000,0.000000,1.000000,0.000000,0.000000,0.000000
4.786962,14.080673,-119.974556,35.000000,0.000000,0.000000,0.000000,1.000000,0.000000,0.000000,0.000000
4.960952,18.661324,-64.986656,34.000000,0.000000,0.000000,0.000000,1.000000,0.000000,0.000000,0.000000
4.786962,14.080673,-119.974556,35.000000,0.000000,0.000000,0.000000,1.000000,0.000000,0.000000,0.000000
-0.791426,0.476713,-72.747459,34.000000,0.000000,0.000000,0.000000,1.000000,0.000000,0.000000,0.000000
1.015743,-0.219661,-118.465088,35.000000,0.000000,0.000000,0.000000,1.000000,0.000000,0.000000,0.000000
-44.867157,64.294662,-234.661377,29.000000,0.000000,0.000000,0.000000,1.000000,0.000000,0.000000,0.000000
-72.670097,12.207269,-249.724594,29.000000,0.000000,0.000000,0.000000,1.000000,0.000000,0.000000,0.000000
-44.500042,66.279213,-242.466949,29.000000,0.000000,0.000000,0.000000,1.000000,0.000000,0.000000,0.000000
-72.670097,12.207269,-249.724594,29.000000,0.000000,0.000000,0.000000,1.000000,0.000000,0.000000,0.000000
-44.867157,64.294662,-234.661377,29.000000,0.000000,0.000000,0.000000,1.000000,0.000000,0.000000,0.000000
-70.458099,11.373091,-241.761475,29.000000,0.000000,0.000000,0.000000,1.000000,0.000000,0.000000,0.000000
-33.640606,35.288536,-219.344421,29.000000,0.000000,0.000000,0.000000,1.000000,0.000000,0.000000,0.000000
-54.238552,-2.146026,-243.539017,29.000000,0.000000,0.000000,0.000000,1.000000,0.000000,0.000000,0.000000
-45.118164,33.243763,-219.635437,29.000000,0.000000,0.000000,0.000000,1.000000,0.000000,0.000000,0.000000
-54.238552,-2.146026,-243.539017,29.000000,0.000000,0.000000,0.000000,1.000000,0.000000,0.000000,0.000000
-33.640606,35.288536,-219.344421,29.000000,0.000000,0.000000,0.000000,1.000000,0.000000,0.000000,0.000000
-44.050556,-0.676443,-243.326782,29.000000,0.000000,0.000000,0.000000,1.000000,0.000000,0.000000,0.000000
-35.546585,58.266586,-216.282349,29.000000,0.000000,0.000000,0.000000,1.000000,0.000000,0.000000,0.000000
-44.867157,64.294662,-234.661377,29.000000,0.000000,0.000000,0.000000,1.000000,0.000000,0.000000,0.000000
-32.100044,66.914619,-234.291580,29.000000,0.000000,0.000000,0.000000,1.000000,0.000000,0.000000,0.000000
-44.867157,64.294662,-234.661377,29.000000,0.000000,0.000000,0.000000,1.000000,0.000000,0.000000,0.000000
-35.546585,58.266586,-216.282349,29.000000,0.000000,0.000000,0.000000,1.000000,0.000000,0.000000,0.000000
-44.672649,59.445095,-215.130783,29.000000,0.000000,0.000000,0.000000,1.000000,0.000000,0.000000,0.000000
-42.522335,-1.248609,-251.471558,29.000000,0.000000,0.000000,0.000000,1.000000,0.000000,0.000000,0.000000
-31.732925,68.899170,-242.097137,29.000000,0.000000,0.000000,0.000000,1.000000,0.000000,0.000000,0.000000
-54.934940,-2.941791,-251.717163,29.000000,0.000000,0.000000,0.000000,1.000000,0.000000,0.000000,0.000000
-31.732925,68.899170,-242.097137,29.000000,0.000000,0.000000,0.000000,1.000000,0.000000,0.000000,0.000000
-42.522335,-1.248609,-251.471558,29.000000,0.000000,0.000000,0.000000,1.000000,0.000000,0.000000,0.000000
-23.928858,58.544323,-243.465988,29.000000,0.000000,0.000000,0.000000,1.000000,0.000000,0.000000,0.000000
-70.458099,11.373091,-241.761475,29.000000,0.000000,0.000000,0.000000,1.000000,0.000000,0.000000,0.000000
-54.934940,-2.941791,-251.717163,29.000000,0.000000,0.000000,0.000000,1.000000,0.000000,0.000000,0.000000
-72.670097,12.207269,-249.724594,29.000000,0.000000,0.000000,0.000000,1.000000,0.000000,0.000000,0.000000
-54.934940,-2.941791,-251.717163,29.000000,0.000000,0.000000,0.000000,1.000000,0.000000,0.000000,0.000000
-70.458099,11.373091,-241.761475,29.000000,0.000000,0.000000,0.000000,1.000000,0.000000,0.000000,0.000000
-54.238552,-2.146026,-243.539017,29.000000,0.000000,0.000000,0.000000,1.000000,0.000000,0.000000,0.000000
-44.867157,64.294662,-234.661377,29.000000,0.000000,0.000000,0.000000,1.000000,0.000000,0.000000,0.000000
-51.406631,41.968662,-218.481598,29.000000,0.000000,0.000000,0.000000,1.000000,0.000000,0.000000,0.000000
-70.458099,11.373091,-241.761475,29.000000,0.000000,0.000000,0.000000,1.000000,0.000000,0.000000,0.000000
-51.406631,41.968662,-218.481598,29.000000,0.000000,0.000000,0.000000,1.000000,0.000000,0.000000,0.000000
-44.867157,64.294662,-234.661377,29.000000,0.000000,0.000000,0.000000,1.000000,0.000000,0.000000,0.000000
-44.672649,59.445095,-215.130783,29.000000,0.000000,0.000000,0.000000,1.000000,0.000000,0.000000,0.000000
-23.928858,58.544323,-243.465988,29.000000,0.000000,0.000000,0.000000,1.000000,0.000000,0.000000,0.000000
-32.100044,66.914619,-234.291580,29.000000,0.000000,0.000000,0.000000,1.000000,0.000000,0.000000,0.000000
-31.732925,68.899170,-242.097137,29.000000,0.000000,0.000000,0.000000,1.000000,0.000000,0.000000,0.000000
-32.100044,66.914619,-234.291580,29.000000,0.000000,0.000000,0.000000,1.000000,0.000000,0.000000,0.000000
-23.928858,58.544323,-243.465988,29.000000,0.000000,0.000000,0.000000,1.000000,0.000000,0.000000,0.000000
-24.295977,56.559776,-235.660431,29.000000,0.000000,0.000000,0.000000,1.000000,0.000000,0.000000,0.000000
-42.522335,-1.248609,-251.471558,29.000000,0.000000,0.000000,0.000000,1.000000,0.000000,0.000000,0.000000
-24.295977,56.559776,-235.660431,29.000000,0.000000,0.000000,0.000000,1.000000,0.000000,0.000000,0.000000
-23.928858,58.544323,-243.465988,29.000000,0.000000,0.000000,0.000000,1.000000,0.000000,0.000000,0.000000
-24.295977,56.559776,-235.660431,29.000000,0.000000,0.000000,0.000000,1.000000,0.000000,0.000000,0.000000
-42.522335,-1.248609,-251.471558,29.000000,0.000000,0.000000,0.000000,1.000000,0.000000,0.000000,0.000000
-44.050556,-0.676443,-243.326782,29.000000,0.000000,0.000000,0.000000,1.000000,0.000000,0.000000,0.000000
-54.934940,-2.941791,-251.717163,29.000000,0.000000,0.000000,0.000000,1.000000,0.000000,0.000000,0.000000
-44.050556,-0.676443,-243.326782,29.000000,0.000000,0.000000,0.000000,1.000000,0.000000,0.000000,0.000000
-42.522335,-1.248609,-251.471558,29.000000,0.000000,0.000000,0.000000,1.000000,0.000000,0.000000,0.000000
-44.050556,-0.676443,-243.326782,29.000000,0.000000,0.000000,0.000000,1.000000,0.000000,0.000000,0.000000
-54.934940,-2.941791,-251.717163,29.000000,0.000000,0.000000,0.000000,1.000000,0.000000,0.000000,0.000000
-54.238552,-2.146026,-243.539017,29.000000,0.000000,0.000000,0.000000,1.000000,0.000000,0.000000,0.000000
-33.640606,35.288536,-219.344421,29.000000,0.000000,0.000000,0.000000,1.000000,0.000000,0.000000,0.000000
-24.295977,56.559776,-235.660431,29.000000,0.000000,0.000000,0.000000,1.000000,0.000000,0.000000,0.000000
-44.050556,-0.676443,-243.326782,29.000000,0.000000,0.000000,0.000000,1.000000,0.000000,0.000000,0.000000
-24.295977,56.559776,-235.660431,29.000000,0.000000,0.000000,0.000000,1.000000,0.000000,0.000000,0.000000
-33.640606,35.288536,-219.344421,29.000000,0.000000,0.000000,0.000000,1.000000,0.000000,0.000000,0.000000
-27.259554,51.970417,-217.109024,29.000000,0.000000,0.000000,0.000000,1.000000,0.000000,0.000000,0.000000
-24.295977,56.559776,-235.660431,29.000000,0.000000,0.000000,0.000000,1.000000,0.000000,0.000000,0.000000
-35.546585,58.266586,-216.282349,29.000000,0.000000,0.000000,0.000000,1.000000,0.000000,0.000000,0.000000
-32.100044,66.914619,-234.291580,29.000000,0.000000,0.000000,0.000000,1.000000,0.000000,0.000000,0.000000
-35.546585,58.266586,-216.282349,29.000000,0.000000,0.000000,0.000000,1.000000,0.000000,0.000000,0.000000
-24.295977,56.559776,-235.660431,29.000000,0.000000,0.000000,0.000000,1.000000,0.000000,0.000000,0.000000
-27.259554,51.970417,-217.109024,29.000000,0.000000,0.000000,0.000000,1.000000,0.000000,0.000000,0.000000
-32.100044,66.914619,-234.291580,29.000000,0.000000,0.000000,0.000000,1.000000,0.000000,0.000000,0.000000
-44.500042,66.279213,-242.466949,29.000000,0.000000,0.000000,0.000000,1.000000,0.000000,0.000000,0.000000
-31.732925,68.899170,-242.097137,29.000000,0.000000,0.000000,0.000000,1.000000,0.000000,0.000000,0.000000
-44.500042,66.279213,-242.466949,29.000000,0.000000,0.000000,0.000000,1.000000,0.000000,0.000000,0.000000
-32.100044,66.914619,-234.291580,29.000000,0.000000,0.000000,0.000000,1.000000,0.000000,0.000000,0.000000
-44.867157,64.294662,-234.661377,29.000000,0.000000,0.000000,0.000000,1.000000,0.000000,0.000000,0.000000
-31.732925,68.899170,-242.097137,29.000000,0.000000,0.000000,0.000000,1.000000,0.000000,0.000000,0.000000
-72.670097,12.207269,-249.724594,29.000000,0.000000,0.000000,0.000000,1.000000,0.000000,0.000000,0.000000
-54.934940,-2.941791,-251.717163,29.000000,0.000000,0.000000,0.000000,1.000000,0.000000,0.000000,0.000000
-72.670097,12.207269,-249.724594,29.000000,0.000000,0.000000,0.000000,1.000000,0.000000,0.000000,0.000000
-31.732925,68.899170,-242.097137,29.000000,0.000000,0.000000,0.000000,1.000000,0.000000,0.000000,0.000000
-44.500042,66.279213,-242.466949,29.000000,0.000000,0.000000,0.000000,1.000000,0.000000,0.000000,0.000000
-51.406631,41.968662,-218.481598,29.000000,0.000000,0.000000,0.000000,1.000000,0.000000,0.000000,0.000000
-54.238552,-2.146026,-243.539017,29.000000,0.000000,0.000000,0.000000,1.000000,0.000000,0.000000,0.000000
-70.458099,11.373091,-241.761475,29.000000,0.000000,0.000000,0.000000,1.000000,0.000000,0.000000,0.000000
-54.238552,-2.146026,-243.539017,29.000000,0.000000,0.000000,0.000000,1.000000,0.000000,0.000000,0.000000
-51.406631,41.968662,-218.481598,29.000000,0.000000,0.000000,0.000000,1.000000,0.000000,0.000000,0.000000
-45.118164,33.243763,-219.635437,29.000000,0.000000,0.000000,0.000000,1.000000,0.000000,0.000000,0.000000
1.227905,24.887512,19.516222,26.000000,0.000000,0.000000,0.000000,1.000000,0.000000,0.000000,0.000000
-22.096703,20.097673,25.348917,26.000000,0.000000,0.000000,0.000000,1.000000,0.000000,0.000000,0.000000
-24.977835,21.117874,19.294308,26.000000,0.000000,0.000000,0.000000,1.000000,0.000000,0.000000,0.000000
-22.096703,20.097673,25.348917,26.000000,0.000000,0.000000,0.000000,1.000000,0.000000,0.000000,0.000000
1.227905,24.887512,19.516222,26.000000,0.000000,0.000000,0.000000,1.000000,0.000000,0.000000,0.000000
1.065286,23.009830,25.553427,26.000000,0.000000,0.000000,0.000000,1.000000,0.000000,0.000000,0.000000
23.848852,17.932446,25.913086,26.000000,0.000000,0.000000,0.000000,1.000000,0.000000,0.000000,0.000000
1.227905,24.887512,19.516222,26.000000,0.000000,0.000000,0.000000,1.000000,0.000000,0.000000,0.000000
26.960619,18.670225,19.932066,26.000000,0.000000,0.000000,0.000000,1.000000,0.000000,0.000000,0.000000
1.227905,24.887512,19.516222,26.000000,0.000000,0.000000,0.000000,1.000000,0.000000,0.000000,0.000000
23.848852,17.932446,25.913086,26.000000,0.000000,0.000000,0.000000,1.000000,0.000000,0.000000,0.000000
1.065286,23.009830,25.553427,26.000000,0.000000,0.000000,0.000000,1.000000,0.000000,0.000000,0.000000
33.937084,-1.560486,26.416468,26.000000,0.000000,0.000000,0.000000,1.000000,0.000000,0.000000,0.000000
26.090008,-21.364450,18.720585,26.000000,0.000000,0.000000,0.000000,1.000000,0.000000,0.000000,0.000000
21.005238,-20.969496,26.657156,26.000000,0.000000,0.000000,0.000000,1.000000,0.000000,0.000000,0.000000
26.090008,-21.364450,18.720585,26.000000,0.000000,0.000000,0.000000,1.000000,0.000000,0.000000,0.000000
33.937084,-1.560486,26.416468,26.000000,0.000000,0.000000,0.000000,1.000000,0.000000,0.000000,0.000000
37.001553,-1.821398,20.454842,26.000000,0.000000,0.000000,0.000000,1.000000,0.000000,0.000000,0.000000
-1.157931,-23.928722,26.464909,26.000000,0.000000,0.000000,0.000000,1.000000,0.000000,0.000000,0.000000
26.090008,-21.364450,18.720585,26.000000,0.000000,0.000000,0.000000,1.000000,0.000000,0.000000,0.000000
-1.103212,-25.106968,17.486671,26.000000,0.000000,0.000000,0.000000,1.000000,0.000000,0.000000,0.000000
26.090008,-21.364450,18.720585,26.000000,0.000000,0.000000,0.000000,1.000000,0.000000,0.000000,0.000000
-1.157931,-23.928722,26.464909,26.000000,0.000000,0.000000,0.000000,1.000000,0.000000,0.000000,0.000000
21.005238,-20.969496,26.657156,26.000000,0.000000,0.000000,0.000000,1.000000,0.000000,0.000000,0.000000
-22.096703,20.097673,25.348917,26.000000,0.000000,0.000000,0.000000,1.000000,0.000000,0.000000,0.000000
-36.910866,1.661796,19.547262,26.000000,0.000000,0.000000,0.000000,1.000000,0.000000,0.000000,0.000000
-24.977835,21.117874,19.294308,26.000000,0.000000,0.000000,0.000000,1.000000,0.000000,0.000000,0.000000
-36.910866,1.661796,19.547262,26.000000,0.000000,0.000000,0.000000,1.000000,0.000000,0.000000,0.000000
-22.096703,20.097673,25.348917,26.000000,0.000000,0.000000,0.000000,1.000000,0.000000,0.000000,0.000000
-33.982426,1.640288,25.582476,26.000000,0.000000,0.000000,0.000000,1.000000,0.000000,0.000000,0.000000
-27.846081,-18.822657,18.058298,26.000000,0.000000,0.000000,0.000000,1.000000,0.000000,0.000000,0.000000
-33.982426,1.640288,25.582476,26.000000,0.000000,0.000000,0.000000,1.000000,0.000000,0.000000,0.000000
-22.942682,-18.898407,26.117514,26.000000,0.000000,0.000000,0.000000,1.000000,0.000000,0.000000,0.000000
-33.982426,1.640288,25.582476,26.000000,0.000000,0.000000,0.000000,1.000000,0.000000,0.000000,0.000000
-27.846081,-18.822657,18.058298,26.000000,0.000000,0.000000,0.000000,1.000000,0.000000,0.000000,0.000000
-36.910866,1.661796,19.547262,26.000000,0.000000,0.000000,0.000000,1.000000,0.000000,0.000000,0.000000
-27.846081,-18.822657,18.058298,26.000000,0.000000,0.000000,0.000000,1.000000,0.000000,0.000000,0.000000
-1.157931,-23.928722,26.464909,26.000000,0.000000,0.000000,0.000000,1.000000,0.000000,0.000000,0.000000
-1.103212,-25.106968,17.486671,26.000000,0.000000,0.000000,0.000000,1.000000,0.000000,0.000000,0.000000
-1.157931,-23.928722,26.464909,26.000000,0.000000,0.000000,0.000000,1.000000,0.000000,0.000000,0.000000
-27.846081,-18.822657,18.058298,26.000000,0.000000,0.000000,0.000000,1.000000,0.000000,0.000000,0.000000
-22.942682,-18.898407,26.117514,26.000000,0.000000,0.000000,0.000000,1.000000,0.000000,0.000000,0.000000
37.001553,-1.821398,20.454842,26.000000,0.000000,0.000000,0.000000,1.000000,0.000000,0.000000,0.000000
23.848852,17.932446,25.913086,26.000000,0.000000,0.000000,0.000000,1.000000,0.000000,0.000000,0.000000
26.960619,18.670225,19.932066,26.000000,0.000000,0.000000,0.000000,1.000000,0.000000,0.000000,0.000000
23.848852,17.932446,25.913086,26.000000,0.000000,0.000000,0.000000,1.000000,0.000000,0.000000,0.000000
37.001553,-1.821398,20.454842,26.000000,0.000000,0.000000,0.000000,1.000000,0.000000,0.000000,0.000000
33.937084,-1.560486,26.416468,26.000000,0.000000,0.000000,0.000000,1.000000,0.000000,0.000000,0.000000
-35.496578,10.947451,85.415924,11.000000,0.000000,0.000000,0.000000,1.000000,0.000000,0.000000,0.000000
-29.628719,3.281881,81.305847,11.000000,0.000000,0.000000,0.000000,1.000000,0.000000,0.000000,0.000000
-24.276722,0.629361,94.628754,11.000000,0.000000,0.000000,0.000000,1.000000,0.000000,0.000000,0.000000
-46.965572,20.031496,90.330353,11.000000,0.000000,0.000000,0.000000,1.000000,0.000000,0.000000,0.000000
-46.583691,21.227730,77.193947,11.000000,0.000000,0.000000,0.000000,1.000000,0.000000,0.000000,0.000000
-35.496578,10.947451,85.415924,11.000000,0.000000,0.000000,0.000000,1.000000,0.000000,0.000000,0.000000
-29.628719,3.281881,81.305847,11.000000,0.000000,0.000000,0.000000,1.000000,0.000000,0.000000,0.000000
-35.496578,10.947451,85.415924,11.000000,0.000000,0.000000,0.000000,1.000000,0.000000,0.000000,0.000000
-46.583691,21.227730,77.193947,11.000000,0.000000,0.000000,0.000000,1.000000,0.000000,0.000000,0.000000
-58.720203,2.300545,93.243851,11.000000,0.000000,0.000000,0.000000,1.000000,0.000000,0.000000,0.000000
-52.782417,19.697676,100.187141,11.000000,0.000000,0.000000,0.000000,1.000000,0.000000,0.000000,0.000000
-53.004684,6.224324,119.901642,11.000000,0.000000,0.000000,0.000000,1.000000,0.000000,0.000000,0.000000
-52.782417,19.697676,100.187141,11.000000,0.000000,0.000000,0.000000,1.000000,0.000000,0.000000,0.000000
-58.720203,2.300545,93.243851,11.000000,0.000000,0.000000,0.000000,1.000000,0.000000,0.000000,0.000000
-56.465389,16.101809,83.370705,11.000000,0.000000,0.000000,0.000000,1.000000,0.000000,0.000000,0.000000
-50.847149,15.474744,61.382542,11.000000,0.000000,0.000000,0.000000,1.000000,0.000000,0.000000,0.000000
-29.628719,3.281881,81.305847,11.000000,0.000000,0.000000,0.000000,1.000000,0.000000,0.000000,0.000000
-46.583691,21.227730,77.193947,11.000000,0.000000,0.000000,0.000000,1.000000,0.000000,0.000000,0.000000
-29.628719,3.281881,81.305847,11.000000,0.000000,0.000000,0.000000,1.000000,0.000000,0.000000,0.000000
-50.847149,15.474744,61.382542,11.000000,0.000000,0.000000,0.000000,1.000000,0.000000,0.000000,0.000000
-36.357616,4.004135,63.042755,11.000000,0.000000,0.000000,0.000000,1.000000,0.000000,0.000000,0.000000
-50.154091,-9.296561,61.349197,11.000000,0.000000,0.000000,0.000000,1.000000,0.000000,0.000000,0.000000
-58.720203,2.300545,93.243851,11.000000,0.000000,0.000000,0.000000,1.000000,0.000000,0.000000,0.000000
-37.973900,-12.190890,99.000885,11.000000,0.000000,0.000000,0.000000,1.000000,0.000000,0.000000,0.000000
-58.720203,2.300545,93.243851,11.000000,0.000000,0.000000,0.000000,1.000000,0.000000,0.000000,0.000000
-50.154091,-9.296561,61.349197,11.000000,0.000000,0.000000,0.000000,1.000000,0.000000,0.000000,0.000000
-61.839031,2.171463,59.313393,11.000000,0.000000,0.000000,0.000000,1.000000,0.000000,0.000000,0.000000
-29.628719,3.281881,81.305847,11.000000,0.000000,0.000000,0.000000,1.000000,0.000000,0.000000,0.000000
-50.154091,-9.296561,61.349197,11.000000,0.000000,0.000000,0.000000,1.000000,0.000000,0.000000,0.000000
-37.973900,-12.190890,99.000885,11.000000,0.000000,0.000000,0.000000,1.000000,0.000000,0.000000,0.000000
-50.154091,-9.296561,61.349197,11.000000,0.000000,0.000000,0.000000,1.000000,0.000000,0.000000,0.000000
-29.628719,3.281881,81.305847,11.000000,0.000000,0.000000,0.000000,1.000000,0.000000,0.000000,0.000000
-36.357616,4.004135,63.042755,11.000000,0.000000,0.000000,0.000000,1.000000,0.000000,0.000000,0.000000
-58.720680,10.573092,61.238499,11.000000,0.000000,0.000000,0.000000,1.000000,0.000000,0.000000,0.000000
-46.583691,21.227730,77.193947,11.000000,0.000000,0.000000,0.000000,1.000000,0.000000,0.000000,0.000000
-56.465389,16.101809,83.370705,11.000000,0.000000,0.000000,0.000000,1.000000,0.000000,0.000000,0.000000
-46.583691,21.227730,77.193947,11.000000,0.000000,0.000000,0.000000,1.000000,0.000000,0.000000,0.000000
-58.720680,10.573092,61.238499,11.000000,0.000000,0.000000,0.000000,1.000000,0.000000,0.000000,0.000000
-50.847149,15.474744,61.382542,11.000000,0.000000,0.000000,0.000000,1.000000,0.000000,0.000000,0.000000
-46.583691,21.227730,77.193947,11.000000,0.000000,0.000000,0.000000,1.000000,0.000000,0.000000,0.000000
-52.782417,19.697676,100.187141,11.000000,0.000000,0.000000,0.000000,1.000000,0.000000,0.000000,0.000000
-56.465389,16.101809,83.370705,11.000000,0.000000,0.000000,0.000000,1.000000,0.000000,0.000000,0.000000
-52.782417,19.697676,100.187141,11.000000,0.000000,0.000000,0.000000,1.000000,0.000000,0.000000,0.000000
-46.583691,21.227730,77.193947,11.000000,0.000000,0.000000,0.000000,1.000000,0.000000,0.000000,0.000000
-46.965572,20.031496,90.330353,11.000000,0.000000,0.000000,0.000000,1.000000,0.000000,0.000000,0.000000
-61.839031,2.171463,59.313393,11.000000,0.000000,0.000000,0.000000,1.000000,0.000000,0.000000,0.000000
-56.465389,16.101809,83.370705,11.000000,0.000000,0.000000,0.000000,1.000000,0.000000,0.000000,0.000000
-58.720203,2.300545,93.243851,11.000000,0.000000,0.000000,0.000000,1.000000,0.000000,0.000000,0.000000
-56.465389,16.101809,83.370705,11.000000,0.000000,0.000000,0.000000,1.000000,0.000000,0.000000,0.000000
-61.839031,2.171463,59.313393,11.000000,0.000000,0.000000,0.000000,1.000000,0.000000,0.000000,0.000000
-58.720680,10.573092,61.238499,11.000000,0.000000,0.000000,0.000000,1.000000,0.000000,0.000000,0.000000
-53.004684,6.224324,119.901642,11.000000,0.000000,0.000000,0.000000,1.000000,0.000000,0.000000,0.000000
-37.973900,-12.190890,99.000885,11.000000,0.000000,0.000000,0.000000,1.000000,0.000000,0.000000,0.000000
-58.720203,2.300545,93.243851,11.000000,0.000000,0.000000,0.000000,1.000000,0.000000,0.000000,0.000000
-37.973900,-12.190890,99.000885,11.000000,0.000000,0.000000,0.000000,1.000000,0.000000,0.000000,0.000000
-53.004684,6.224324,119.901642,11.000000,0.000000,0.000000,0.000000,1.000000,0.000000,0.000000,0.000000
-38.481712,-5.764536,116.487030,11.000000,0.000000,0.000000,0.000000,1.000000,0.000000,0.000000,0.000000
-38.481712,-5.764536,116.487030,11.000000,0.000000,0.000000,0.000000,1.000000,0.000000,0.000000,0.000000
-29.628719,3.281881,81.305847,11.000000,0.000000,0.000000,0.000000,1.000000,0.000000,0.000000,0.000000
-37.973900,-12.190890,99.000885,11.000000,0.000000,0.000000,0.000000,1.000000,0.000000,0.000000,0.000000
-29.628719,3.281881,81.305847,11.000000,0.000000,0.000000,0.000000,1.000000,0.000000,0.000000,0.000000
-38.481712,-5.764536,116.487030,11.000000,0.000000,0.000000,0.000000,1.000000,0.000000,0.000000,0.000000
-24.276722,0.629361,94.628754,11.000000,0.000000,0.000000,0.000000,1.000000,0.000000,0.000000,0.000000
27.923555,-6.542762,95.390778,19.000000,0.000000,0.000000,0.000000,1.000000,0.000000,0.000000,0.000000
30.162203,-1.084154,82.044327,19.000000,0.000000,0.000000,0.000000,1.000000,0.000000,0.000000,0.000000
31.565889,8.364305,86.365837,19.000000,0.000000,0.000000,0.000000,1.000000,0.000000,0.000000,0.000000
37.095806,21.882650,91.318779,19.000000,0.000000,0.000000,0.000000,1.000000,0.000000,0.000000,0.000000
31.565889,8.364305,86.365837,19.000000,0.000000,0.000000,0.000000,1.000000,0.000000,0.000000,0.000000
35.187168,23.138428,78.331528,19.000000,0.000000,0.000000,0.000000,1.000000,0.000000,0.000000,0.000000
30.162203,-1.084154,82.044327,19.000000,0.000000,0.000000,0.000000,1.000000,0.000000,0.000000,0.000000
35.187168,23.138428,78.331528,19.000000,0.000000,0.000000,0.000000,1.000000,0.000000,0.000000,0.000000
31.565889,8.364305,86.365837,19.000000,0.000000,0.000000,0.000000,1.000000,0.000000,0.000000,0.000000
42.971275,24.268187,100.841202,19.000000,0.000000,0.000000,0.000000,1.000000,0.000000,0.000000,0.000000
56.436024,12.652873,92.505096,19.000000,0.000000,0.000000,0.000000,1.000000,0.000000,0.000000,0.000000
51.507893,12.203748,119.581711,19.000000,0.000000,0.000000,0.000000,1.000000,0.000000,0.000000,0.000000
56.436024,12.652873,92.505096,19.000000,0.000000,0.000000,0.000000,1.000000,0.000000,0.000000,0.000000
42.971275,24.268187,100.841202,19.000000,0.000000,0.000000,0.000000,1.000000,0.000000,0.000000,0.000000
46.719475,23.631819,83.683380,19.000000,0.000000,0.000000,0.000000,1.000000,0.000000,0.000000,0.000000
30.162203,-1.084154,82.044327,19.000000,0.000000,0.000000,0.000000,1.000000,0.000000,0.000000,0.000000
40.609436,20.920918,62.005836,19.000000,0.000000,0.000000,0.000000,1.000000,0.000000,0.000000,0.000000
35.187168,23.138428,78.331528,19.000000,0.000000,0.000000,0.000000,1.000000,0.000000,0.000000,0.000000
40.609436,20.920918,62.005836,19.000000,0.000000,0.000000,0.000000,1.000000,0.000000,0.000000,0.000000
30.162203,-1.084154,82.044327,19.000000,0.000000,0.000000,0.000000,1.000000,0.000000,0.000000,0.000000
34.201256,3.590971,63.586197,19.000000,0.000000,0.000000,0.000000,1.000000,0.000000,0.000000,0.000000
56.436024,12.652873,92.505096,19.000000,0.000000,0.000000,0.000000,1.000000,0.000000,0.000000,0.000000
52.682495,-0.644888,60.378971,19.000000,0.000000,0.000000,0.000000,1.000000,0.000000,0.000000,0.000000
46.522087,-10.615941,98.261101,19.000000,0.000000,0.000000,0.000000,1.000000,0.000000,0.000000,0.000000
52.682495,-0.644888,60.378971,19.000000,0.000000,0.000000,0.000000,1.000000,0.000000,0.000000,0.000000
56.436024,12.652873,92.505096,19.000000,0.000000,0.000000,0.000000,1.000000,0.000000,0.000000,0.000000
56.664684,15.252251,58.555946,19.000000,0.000000,0.000000,0.000000,1.000000,0.000000,0.000000,0.000000
52.682495,-0.644888,60.378971,19.000000,0.000000,0.000000,0.000000,1.000000,0.000000,0.000000,0.000000
30.162203,-1.084154,82.044327,19.000000,0.000000,0.000000,0.000000,1.000000,0.000000,0.000000,0.000000
46.522087,-10.615941,98.261101,19.000000,0.000000,0.000000,0.000000,1.000000,0.000000,0.000000,0.000000
30.162203,-1.084154,82.044327,19.000000,0.000000,0.000000,0.000000,1.000000,0.000000,0.000000,0.000000
52.682495,-0.644888,60.378971,19.000000,0.000000,0.000000,0.000000,1.000000,0.000000,0.000000,0.000000
34.201256,3.590971,63.586197,19.000000,0.000000,0.000000,0.000000,1.000000,0.000000,0.000000,0.000000
35.187168,23.138428,78.331528,19.000000,0.000000,0.000000,0.000000,1.000000,0.000000,0.000000,0.000000
49.842087,20.779154,61.171181,19.000000,0.000000,0.000000,0.000000,1.000000,0.000000,0.000000,0.000000
46.719475,23.631819,83.683380,19.000000,0.000000,0.000000,0.000000,1.000000,0.000000,0.000000,0.000000
49.842087,20.779154,61.171181,19.000000,0.000000,0.000000,0.000000,1.000000,0.000000,0.000000,0.000000
35.187168,23.138428,78.331528,19.000000,0.000000,0.000000,0.000000,1.000000,0.000000,0.000000,0.000000
40.609436,20.920918,62.005836,19.000000,0.000000,0.000000,0.000000,1.000000,0.000000,0.000000,0.000000
42.971275,24.268187,100.841202,19.000000,0.000000,0.000000,0.000000,1.000000,0.000000,0.000000,0.000000
35.187168,23.138428,78.331528,19.000000,0.000000,0.000000,0.000000,1.000000,0.000000,0.000000,0.000000
46.719475,23.631819,83.683380,19.000000,0.000000,0.000000,0.000000,1.000000,0.000000,0.000000,0.000000
35.187168,23.138428,78.331528,19.000000,0.000000,0.000000,0.000000,1.000000,0.000000,0.000000,0.000000
42.971275,24.268187,100.841202,19.000000,0.000000,0.000000,0.000000,1.000000,0.000000,0.000000,0.000000
37.095806,21.882650,91.318779,19.000000,0.000000,0.000000,0.000000,1.000000,0.000000,0.000000,0.000000
46.719475,23.631819,83.683380,19.000000,0.000000,0.000000,0.000000,1.000000,0.000000,0.000000,0.000000
56.664684,15.252251,58.555946,19.000000,0.000000,0.000000,0.000000,1.000000,0.000000,0.000000,0.000000
56.436024,12.652873,92.505096,19.000000,0.000000,0.000000,0.000000,1.000000,0.000000,0.000000,0.000000
56.664684,15.252251,58.555946,19.000000,0.000000,0.000000,0.000000,1.000000,0.000000,0.000000,0.000000
46.719475,23.631819,83.683380,19.000000,0.000000,0.000000,0.000000,1.000000,0.000000,0.000000,0.000000
49.842087,20.779154,61.171181,19.000000,0.000000,0.000000,0.000000,1.000000,0.000000,0.000000,0.000000
46.522087,-10.615941,98.261101,19.000000,0.000000,0.000000,0.000000,1.000000,0.000000,0.000000,0.000000
51.507893,12.203748,119.581711,19.000000,0.000000,0.000000,0.000000,1.000000,0.000000,0.000000,0.000000
56.436024,12.652873,92.505096,19.000000,0.000000,0.000000,0.000000,1.000000,0.000000,0.000000,0.000000
51.507893,12.203748,119.581711,19.000000,0.000000,0.000000,0.000000,1.000000,0.000000,0.000000,0.000000
46.522087,-10.615941,98.261101,19.000000,0.000000,0.000000,0.000000,1.000000,0.000000,0.000000,0.000000
44.961380,-5.421824,116.075157,19.000000,0.000000,0.000000,0.000000,1.000000,0.000000,0.000000,0.000000
30.162203,-1.084154,82.044327,19.000000,0.000000,0.000000,0.000000,1.000000,0.000000,0.000000,0.000000
44.961380,-5.421824,116.075157,19.000000,0.000000,0.000000,0.000000,1.000000,0.000000,0.000000,0.000000
46.522087,-10.615941,98.261101,19.000000,0.000000,0.000000,0.000000,1.000000,0.000000,0.000000,0.000000
44.961380,-5.421824,116.075157,19.000000,0.000000,0.000000,0.000000,1.000000,0.000000,0.000000,0.000000
30.162203,-1.084154,82.044327,19.000000,0.000000,0.000000,0.000000,1.000000,0.000000,0.000000,0.000000
27.923555,-6.542762,95.390778,19.000000,0.000000,0.000000,0.000000,1.000000,0.000000,0.000000,0.000000
-51.809612,-13.372934,-13.276615,12.000000,0.000000,0.000000,0.000000,1.000000,0.000000,0.000000,0.000000
-55.505119,3.966102,-15.679752,12.000000,0.000000,0.000000,0.000000,1.000000,0.000000,0.000000,0.000000
-57.816711,2.174539,24.852028,12.000000,0.000000,0.000000,0.000000,1.000000,0.000000,0.000000,0.000000
-43.798122,15.520409,29.703089,12.000000,0.000000,0.000000,0.000000,1.000000,0.000000,0.000000,0.000000
-33.003582,-2.839808,30.490770,12.000000,0.000000,0.000000,0.000000,1.000000,0.000000,0.000000,0.000000
-46.664913,17.382555,47.524612,12.000000,0.000000,0.000000,0.000000,1.000000,0.000000,0.000000,0.000000
-55.505119,3.966102,-15.679752,12.000000,0.000000,0.000000,0.000000,1.000000,0.000000,0.000000,0.000000
-43.447227,3.237886,-16.134739,12.000000,0.000000,0.000000,0.000000,1.000000,0.000000,0.000000,0.000000
-55.288197,11.580423,-17.674593,12.000000,0.000000,0.000000,0.000000,1.000000,0.000000,0.000000,0.000000
-49.869335,-15.751310,26.484158,12.000000,0.000000,0.000000,0.000000,1.000000,0.000000,0.000000,0.000000
-57.816711,2.174539,24.852028,12.000000,0.000000,0.000000,0.000000,1.000000,0.000000,0.000000,0.000000
-62.201473,4.577556,45.574081,12.000000,0.000000,0.000000,0.000000,1.000000,0.000000,0.000000,0.000000
-43.447227,3.237886,-16.134739,12.000000,0.000000,0.000000,0.000000,1.000000,0.000000,0.000000,0.000000
-42.900555,-10.105299,-13.363330,12.000000,0.000000,0.000000,0.000000,1.000000,0.000000,0.000000,0.000000
-33.003582,-2.839808,30.490770,12.000000,0.000000,0.000000,0.000000,1.000000,0.000000,0.000000,0.000000
-33.003582,-2.839808,30.490770,12.000000,0.000000,0.000000,0.000000,1.000000,0.000000,0.000000,0.000000
-43.798122,15.520409,29.703089,12.000000,0.000000,0.000000,0.000000,1.000000,0.000000,0.000000,0.000000
-43.447227,3.237886,-16.134739,12.000000,0.000000,0.000000,0.000000,1.000000,0.000000,0.000000,0.000000
-51.809612,-13.372934,-13.276615,12.000000,0.000000,0.000000,0.000000,1.000000,0.000000,0.000000,0.000000
-57.816711,2.174539,24.852028,12.000000,0.000000,0.000000,0.000000,1.000000,0.000000,0.000000,0.000000
-49.869335,-15.751310,26.484158,12.000000,0.000000,0.000000,0.000000,1.000000,0.000000,0.000000,0.000000
-42.900555,-10.105299,-13.363330,12.000000,0.000000,0.000000,0.000000,1.000000,0.000000,0.000000,0.000000
-49.869335,-15.751310,26.484158,12.000000,0.000000,0.000000,0.000000,1.000000,0.000000,0.000000,0.000000
-33.003582,-2.839808,30.490770,12.000000,0.000000,0.000000,0.000000,1.000000,0.000000,0.000000,0.000000
-49.869335,-15.751310,26.484158,12.000000,0.000000,0.000000,0.000000,1.000000,0.000000,0.000000,0.000000
-42.900555,-10.105299,-13.363330,12.000000,0.000000,0.000000,0.000000,1.000000,0.000000,0.000000,0.000000
-51.809612,-13.372934,-13.276615,12.000000,0.000000,0.000000,0.000000,1.000000,0.000000,0.000000,0.000000
-53.216137,12.637627,26.691227,12.000000,0.000000,0.000000,0.000000,1.000000,0.000000,0.000000,0.000000
-62.201473,4.577556,45.574081,12.000000,0.000000,0.000000,0.000000,1.000000,0.000000,0.000000,0.000000
-57.816711,2.174539,24.852028,12.000000,0.000000,0.000000,0.000000,1.000000,0.000000,0.000000,0.000000
-62.201473,4.577556,45.574081,12.000000,0.000000,0.000000,0.000000,1.000000,0.000000,0.000000,0.000000
-53.216137,12.637627,26.691227,12.000000,0.000000,0.000000,0.000000,1.000000,0.000000,0.000000,0.000000
-55.536224,13.985447,46.620003,12.000000,0.000000,0.000000,0.000000,1.000000,0.000000,0.000000,0.000000
-50.847149,15.474744,61.382542,11.000000,0.000000,0.000000,0.000000,1.000000,0.000000,0.000000,0.000000
-55.536224,13.985447,46.620003,12.000000,0.000000,0.000000,0.000000,1.000000,0.000000,0.000000,0.000000
-46.664913,17.382555,47.524612,12.000000,0.000000,0.000000,0.000000,1.000000,0.000000,0.000000,0.000000
-55.536224,13.985447,46.620003,12.000000,0.000000,0.000000,0.000000,1.000000,0.000000,0.000000,0.000000
-50.847149,15.474744,61.382542,11.000000,0.000000,0.000000,0.000000,1.000000,0.000000,0.000000,0.000000
-58.720680,10.573092,61.238499,11.000000,0.000000,0.000000,0.000000,1.000000,0.000000,0.000000,0.000000
-50.154091,-9.296561,61.349197,11.000000,0.000000,0.000000,0.000000,1.000000,0.000000,0.000000,0.000000
-33.003582,-2.839808,30.490770,12.000000,0.000000,0.000000,0.000000,1.000000,0.000000,0.000000,0.000000
-49.869335,-15.751310,26.484158,12.000000,0.000000,0.000000,0.000000,1.000000,0.000000,0.000000,0.000000
-33.003582,-2.839808,30.490770,12.000000,0.000000,0.000000,0.000000,1.000000,0.000000,0.000000,0.000000
-50.154091,-9.296561,61.349197,11.000000,0.000000,0.000000,0.000000,1.000000,0.000000,0.000000,0.000000
-36.357616,4.004135,63.042755,11.000000,0.000000,0.000000,0.000000,1.000000,0.000000,0.000000,0.000000
-55.536224,13.985447,46.620003,12.000000,0.000000,0.000000,0.000000,1.000000,0.000000,0.000000,0.000000
-61.839031,2.171463,59.313393,11.000000,0.000000,0.000000,0.000000,1.000000,0.000000,0.000000,0.000000
-62.201473,4.577556,45.574081,12.000000,0.000000,0.000000,0.000000,1.000000,0.000000,0.000000,0.000000
-61.839031,2.171463,59.313393,11.000000,0.000000,0.000000,0.000000,1.000000,0.000000,0.000000,0.000000
-55.536224,13.985447,46.620003,12.000000,0.000000,0.000000,0.000000,1.000000,0.000000,0.000000,0.000000
-58.720680,10.573092,61.238499,11.000000,0.000000,0.000000,0.000000,1.000000,0.000000,0.000000,0.000000
-43.798122,15.520409,29.703089,12.000000,0.000000,0.000000,0.000000,1.000000,0.000000,0.000000,0.000000
-55.536224,13.985447,46.620003,12.000000,0.000000,0.000000,0.000000,1.000000,0.000000,0.000000,0.000000
-53.216137,12.637627,26.691227,12.000000,0.000000,0.000000,0.000000,1.000000,0.000000,0.000000,0.000000
-55.536224,13.985447,46.620003,12.000000,0.000000,0.000000,0.000000,1.000000,0.000000,0.000000,0.000000
-43.798122,15.520409,29.703089,12.000000,0.000000,0.000000,0.000000,1.000000,0.000000,0.000000,0.000000
-46.664913,17.382555,47.524612,12.000000,0.000000,0.000000,0.000000,1.000000,0.000000,0.000000,0.000000
-36.357616,4.004135,63.042755,11.000000,0.000000,0.000000,0.000000,1.000000,0.000000,0.000000,0.000000
-46.664913,17.382555,47.524612,12.000000,0.000000,0.000000,0.000000,1.000000,0.000000,0.000000,0.000000
-33.003582,-2.839808,30.490770,12.000000,0.000000,0.000000,0.000000,1.000000,0.000000,0.000000,0.000000
-46.664913,17.382555,47.524612,12.000000,0.000000,0.000000,0.000000,1.000000,0.000000,0.000000,0.000000
-36.357616,4.004135,63.042755,11.000000,0.000000,0.000000,0.000000,1.000000,0.000000,0.000000,0.000000
-50.847149,15.474744,61.382542,11.000000,0.000000,0.000000,0.000000,1.000000,0.000000,0.000000,0.000000
-43.798122,15.520409,29.703089,12.000000,0.000000,0.000000,0.000000,1.000000,0.000000,0.000000,0.000000
-55.288197,11.580423,-17.674593,12.000000,0.000000,0.000000,0.000000,1.000000,0.000000,0.000000,0.000000
-43.447227,3.237886,-16.134739,12.000000,0.000000,0.000000,0.000000,1.000000,0.000000,0.000000,0.000000
-55.288197,11.580423,-17.674593,12.000000,0.000000,0.000000,0.000000,1.000000,0.000000,0.000000,0.000000
-43.798122,15.520409,29.703089,12.000000,0.000000,0.000000,0.000000,1.000000,0.000000,0.000000,0.000000
-53.216137,12.637627,26.691227,12.000000,0.000000,0.000000,0.000000,1.000000,0.000000,0.000000,0.000000
-62.201473,4.577556,45.574081,12.000000,0.000000,0.000000,0.000000,1.000000,0.000000,0.000000,0.000000
-50.154091,-9.296561,61.349197,11.000000,0.000000,0.000000,0.000000,1.000000,0.000000,0.000000,0.000000
-49.869335,-15.751310,26.484158,12.000000,0.000000,0.000000,0.000000,1.000000,0.000000,0.000000,0.000000
-50.154091,-9.296561,61.349197,11.000000,0.000000,0.000000,0.000000,1.000000,0.000000,0.000000,0.000000
-62.201473,4.577556,45.574081,12.000000,0.000000,0.000000,0.000000,1.000000,0.000000,0.000000,0.000000
-61.839031,2.171463,59.313393,11.000000,0.000000,0.000000,0.000000,1.000000,0.000000,0.000000,0.000000
-57.816711,2.174539,24.852028,12.000000,0.000000,0.000000,0.000000,1.000000,0.000000,0.000000,0.000000
-55.288197,11.580423,-17.674593,12.000000,0.000000,0.000000,0.000000,1.000000,0.000000,0.000000,0.000000
-53.216137,12.637627,26.691227,12.000000,0.000000,0.000000,0.000000,1.000000,0.000000,0.000000,0.000000
-55.288197,11.580423,-17.674593,12.000000,0.000000,0.000000,0.000000,1.000000,0.000000,0.000000,0.000000
-57.816711,2.174539,24.852028,12.000000,0.000000,0.000000,0.000000,1.000000,0.000000,0.000000,0.000000
-55.505119,3.966102,-15.679752,12.000000,0.000000,0.000000,0.000000,1.000000,0.000000,0.000000,0.000000
-31.245159,-4.794445,119.559883,10.000000,0.000000,0.000000,0.000000,1.000000,0.000000,0.000000,0.000000
-36.569859,15.000940,123.534286,10.000000,0.000000,0.000000,0.000000,1.000000,0.000000,0.000000,0.000000
-22.223114,-5.453047,121.340309,10.000000,0.000000,0.000000,0.000000,1.000000,0.000000,0.000000,0.000000
-25.164021,-15.480488,89.847389,10.000000,0.000000,0.000000,0.000000,1.000000,0.000000,0.000000,0.000000
-31.669664,6.856930,81.088242,10.000000,0.000000,0.000000,0.000000,1.000000,0.000000,0.000000,0.000000
-31.045416,-12.550163,91.527573,10.000000,0.000000,0.000000,0.000000,1.000000,0.000000,0.000000,0.000000
-38.481712,-5.764536,116.487030,11.000000,0.000000,0.000000,0.000000,1.000000,0.000000,0.000000,0.000000
-36.569859,15.000940,123.534286,10.000000,0.000000,0.000000,0.000000,1.000000,0.000000,0.000000,0.000000
-31.245159,-4.794445,119.559883,10.000000,0.000000,0.000000,0.000000,1.000000,0.000000,0.000000,0.000000
-36.569859,15.000940,123.534286,10.000000,0.000000,0.000000,0.000000,1.000000,0.000000,0.000000,0.000000
-38.481712,-5.764536,116.487030,11.000000,0.000000,0.000000,0.000000,1.000000,0.000000,0.000000,0.000000
-53.004684,6.224324,119.901642,11.000000,0.000000,0.000000,0.000000,1.000000,0.000000,0.000000,0.000000
-31.045416,-12.550163,91.527573,10.000000,0.000000,0.000000,0.000000,1.000000,0.000000,0.000000,0.000000
-38.481712,-5.764536,116.487030,11.000000,0.000000,0.000000,0.000000,1.000000,0.000000,0.000000,0.000000
-31.245159,-4.794445,119.559883,10.000000,0.000000,0.000000,0.000000,1.000000,0.000000,0.000000,0.000000
-38.481712,-5.764536,116.487030,11.000000,0.000000,0.000000,0.000000,1.000000,0.000000,0.000000,0.000000
-31.045416,-12.550163,91.527573,10.000000,0.000000,0.000000,0.000000,1.000000,0.000000,0.000000,0.000000
-24.276722,0.629361,94.628754,11.000000,0.000000,0.000000,0.000000,1.000000,0.000000,0.000000,0.000000
-46.965572,20.031496,90.330353,11.000000,0.000000,0.000000,0.000000,1.000000,0.000000,0.000000,0.000000
-31.669664,6.856930,81.088242,10.000000,0.000000,0.000000,0.000000,1.000000,0.000000,0.000000,0.000000
-31.062717,21.582006,89.076164,10.000000,0.000000,0.000000,0.000000,1.000000,0.000000,0.000000,0.000000
-31.669664,6.856930,81.088242,10.000000,0.000000,0.000000,0.000000,1.000000,0.000000,0.000000,0.000000
-46.965572,20.031496,90.330353,11.000000,0.000000,0.000000,0.000000,1.000000,0.000000,0.000000,0.000000
-35.496578,10.947451,85.415924,11.000000,0.000000,0.000000,0.000000,1.000000,0.000000,0.000000,0.000000
-25.164021,-15.480488,89.847389,10.000000,0.000000,0.000000,0.000000,1.000000,0.000000,0.000000,0.000000
-31.245159,-4.794445,119.559883,10.000000,0.000000,0.000000,0.000000,1.000000,0.000000,0.000000,0.000000
-22.223114,-5.453047,121.340309,10.000000,0.000000,0.000000,0.000000,1.000000,0.000000,0.000000,0.000000
-31.245159,-4.794445,119.559883,10.000000,0.000000,0.000000,0.000000,1.000000,0.000000,0.000000,0.000000
-25.164021,-15.480488,89.847389,10.000000,0.000000,0.000000,0.000000,1.000000,0.000000,0.000000,0.000000
-31.045416,-12.550163,91.527573,10.000000,0.000000,0.000000,0.000000,1.000000,0.000000,0.000000,0.000000
-31.669664,6.856930,81.088242,10.000000,0.000000,0.000000,0.000000,1.000000,0.000000,0.000000,0.000000
-24.276722,0.629361,94.628754,11.000000,0.000000,0.000000,0.000000,1.000000,0.000000,0.000000,0.000000
-31.045416,-12.550163,91.527573,10.000000,0.000000,0.000000,0.000000,1.000000,0.000000,0.000000,0.000000
-24.276722,0.629361,94.628754,11.000000,0.000000,0.000000,0.000000,1.000000,0.000000,0.000000,0.000000
-31.669664,6.856930,81.088242,10.000000,0.000000,0.000000,0.000000,1.000000,0.000000,0.000000,0.000000
-35.496578,10.947451,85.415924,11.000000,0.000000,0.000000,0.000000,1.000000,0.000000,0.000000,0.000000
-52.782417,19.697676,100.187141,11.000000,0.000000,0.000000,0.000000,1.000000,0.000000,0.000000,0.000000
-36.569859,15.000940,123.534286,10.000000,0.000000,0.000000,0.000000,1.000000,0.000000,0.000000,0.000000
-53.004684,6.224324,119.901642,11.000000,0.000000,0.000000,0.000000,1.000000,0.000000,0.000000,0.000000
-36.569859,15.000940,123.534286,10.000000,0.000000,0.000000,0.000000,1.000000,0.000000,0.000000,0.000000
-52.782417,19.697676,100.187141,11.000000,0.000000,0.000000,0.000000,1.000000,0.000000,0.000000,0.000000
-34.514874,28.611721,105.799408,10.000000,0.000000,0.000000,0.000000,1.000000,0.000000,0.000000,0.000000
-52.782417,19.697676,100.187141,11.000000,0.000000,0.000000,0.000000,1.000000,0.000000,0.000000,0.000000
-31.062717,21.582006,89.076164,10.000000,0.000000,0.000000,0.000000,1.000000,0.000000,0.000000,0.000000
-34.514874,28.611721,105.799408,10.000000,0.000000,0.000000,0.000000,1.000000,0.000000,0.000000,0.000000
-31.062717,21.582006,89.076164,10.000000,0.000000,0.000000,0.000000,1.000000,0.000000,0.000000,0.000000
-52.782417,19.697676,100.187141,11.000000,0.000000,0.000000,0.000000,1.000000,0.000000,0.000000,0.000000
-46.965572,20.031496,90.330353,11.000000,0.000000,0.000000,0.000000,1.000000,0.000000,0.000000,0.000000
54.905624,-5.248286,-12.777759,20.000000,0.000000,0.000000,0.000000,1.000000,0.000000,0.000000,0.000000
54.412140,11.062687,25.463003,20.000000,0.000000,0.000000,0.000000,1.000000,0.000000,0.000000,0.000000
53.094673,12.390690,-15.101836,20.000000,0.000000,0.000000,0.000000,1.000000,0.000000,0.000000,0.000000
36.779301,19.330402,29.758648,20.000000,0.000000,0.000000,0.000000,1.000000,0.000000,0.000000,0.000000
38.288792,21.839466,47.652557,20.000000,0.000000,0.000000,0.000000,1.000000,0.000000,0.000000,0.000000
32.229126,-1.475513,30.217346,20.000000,0.000000,0.000000,0.000000,1.000000,0.000000,0.000000,0.000000
53.094673,12.390690,-15.101836,20.000000,0.000000,0.000000,0.000000,1.000000,0.000000,0.000000,0.000000
50.586830,19.571787,-17.126886,20.000000,0.000000,0.000000,0.000000,1.000000,0.000000,0.000000,0.000000
41.895592,7.947705,-15.987820,20.000000,0.000000,0.000000,0.000000,1.000000,0.000000,0.000000,0.000000
57.090900,14.533395,46.306282,20.000000,0.000000,0.000000,0.000000,1.000000,0.000000,0.000000,0.000000
54.412140,11.062687,25.463003,20.000000,0.000000,0.000000,0.000000,1.000000,0.000000,0.000000,0.000000
52.398495,-8.451203,26.866030,20.000000,0.000000,0.000000,0.000000,1.000000,0.000000,0.000000,0.000000
45.436436,-4.918754,-13.195838,20.000000,0.000000,0.000000,0.000000,1.000000,0.000000,0.000000,0.000000
41.895592,7.947705,-15.987820,20.000000,0.000000,0.000000,0.000000,1.000000,0.000000,0.000000,0.000000
32.229126,-1.475513,30.217346,20.000000,0.000000,0.000000,0.000000,1.000000,0.000000,0.000000,0.000000
32.229126,-1.475513,30.217346,20.000000,0.000000,0.000000,0.000000,1.000000,0.000000,0.000000,0.000000
41.895592,7.947705,-15.987820,20.000000,0.000000,0.000000,0.000000,1.000000,0.000000,0.000000,0.000000
36.779301,19.330402,29.758648,20.000000,0.000000,0.000000,0.000000,1.000000,0.000000,0.000000,0.000000
54.905624,-5.248286,-12.777759,20.000000,0.000000,0.000000,0.000000,1.000000,0.000000,0.000000,0.000000
52.398495,-8.451203,26.866030,20.000000,0.000000,0.000000,0.000000,1.000000,0.000000,0.000000,0.000000
54.412140,11.062687,25.463003,20.000000,0.000000,0.000000,0.000000,1.000000,0.000000,0.000000,0.000000
52.398495,-8.451203,26.866030,20.000000,0.000000,0.000000,0.000000,1.000000,0.000000,0.000000,0.000000
45.436436,-4.918754,-13.195838,20.000000,0.000000,0.000000,0.000000,1.000000,0.000000,0.000000,0.000000
32.229126,-1.475513,30.217346,20.000000,0.000000,0.000000,0.000000,1.000000,0.000000,0.000000,0.000000
45.436436,-4.918754,-13.195838,20.000000,0.000000,0.000000,0.000000,1.000000,0.000000,0.000000,0.000000
52.398495,-8.451203,26.866030,20.000000,0.000000,0.000000,0.000000,1.000000,0.000000,0.000000,0.000000
54.905624,-5.248286,-12.777759,20.000000,0.000000,0.000000,0.000000,1.000000,0.000000,0.000000,0.000000
57.090900,14.533395,46.306282,20.000000,0.000000,0.000000,0.000000,1.000000,0.000000,0.000000,0.000000
46.721180,19.551369,27.099485,20.000000,0.000000,0.000000,0.000000,1.000000,0.000000,0.000000,0.000000
54.412140,11.062687,25.463003,20.000000,0.000000,0.000000,0.000000,1.000000,0.000000,0.000000,0.000000
46.721180,19.551369,27.099485,20.000000,0.000000,0.000000,0.000000,1.000000,0.000000,0.000000,0.000000
57.090900,14.533395,46.306282,20.000000,0.000000,0.000000,0.000000,1.000000,0.000000,0.000000,0.000000
47.797581,21.383682,47.079754,20.000000,0.000000,0.000000,0.000000,1.000000,0.000000,0.000000,0.000000
47.797581,21.383682,47.079754,20.000000,0.000000,0.000000,0.000000,1.000000,0.000000,0.000000,0.000000
40.609436,20.920918,62.005836,19.000000,0.000000,0.000000,0.000000,1.000000,0.000000,0.000000,0.000000
38.288792,21.839466,47.652557,20.000000,0.000000,0.000000,0.000000,1.000000,0.000000,0.000000,0.000000
40.609436,20.920918,62.005836,19.000000,0.000000,0.000000,0.000000,1.000000,0.000000,0.000000,0.000000
47.797581,21.383682,47.079754,20.000000,0.000000,0.000000,0.000000,1.000000,0.000000,0.000000,0.000000
49.842087,20.779154,61.171181,19.000000,0.000000,0.000000,0.000000,1.000000,0.000000,0.000000,0.000000
32.229126,-1.475513,30.217346,20.000000,0.000000,0.000000,0.000000,1.000000,0.000000,0.000000,0.000000
52.682495,-0.644888,60.378971,19.000000,0.000000,0.000000,0.000000,1.000000,0.000000,0.000000,0.000000
52.398495,-8.451203,26.866030,20.000000,0.000000,0.000000,0.000000,1.000000,0.000000,0.000000,0.000000
52.682495,-0.644888,60.378971,19.000000,0.000000,0.000000,0.000000,1.000000,0.000000,0.000000,0.000000
32.229126,-1.475513,30.217346,20.000000,0.000000,0.000000,0.000000,1.000000,0.000000,0.000000,0.000000
34.201256,3.590971,63.586197,19.000000,0.000000,0.000000,0.000000,1.000000,0.000000,0.000000,0.000000
56.664684,15.252251,58.555946,19.000000,0.000000,0.000000,0.000000,1.000000,0.000000,0.000000,0.000000
47.797581,21.383682,47.079754,20.000000,0.000000,0.000000,0.000000,1.000000,0.000000,0.000000,0.000000
57.090900,14.533395,46.306282,20.000000,0.000000,0.000000,0.000000,1.000000,0.000000,0.000000,0.000000
47.797581,21.383682,47.079754,20.000000,0.000000,0.000000,0.000000,1.000000,0.000000,0.000000,0.000000
56.664684,15.252251,58.555946,19.000000,0.000000,0.000000,0.000000,1.000000,0.000000,0.000000,0.000000
49.842087,20.779154,61.171181,19.000000,0.000000,0.000000,0.000000,1.000000,0.000000,0.000000,0.000000
47.797581,21.383682,47.079754,20.000000,0.000000,0.000000,0.000000,1.000000,0.000000,0.000000,0.000000
36.779301,19.330402,29.758648,20.000000,0.000000,0.000000,0.000000,1.000000,0.000000,0.000000,0.000000
46.721180,19.551369,27.099485,20.000000,0.000000,0.000000,0.000000,1.000000,0.000000,0.000000,0.000000
36.779301,19.330402,29.758648,20.000000,0.000000,0.000000,0.000000,1.000000,0.000000,0.000000,0.000000
47.797581,21.383682,47.079754,20.000000,0.000000,0.000000,0.000000,1.000000,0.000000,0.000000,0.000000
38.288792,21.839466,47.652557,20.000000,0.000000,0.000000,0.000000,1.000000,0.000000,0.000000,0.000000
38.288792,21.839466,47.652557,20.000000,0.000000,0.000000,0.000000,1.000000,0.000000,0.000000,0.000000
34.201256,3.590971,63.586197,19.000000,0.000000,0.000000,0.000000,1.000000,0.000000,0.000000,0.000000
32.229126,-1.475513,30.217346,20.000000,0.000000,0.000000,0.000000,1.000000,0.000000,0.000000,0.000000
34.201256,3.590971,63.586197,19.000000,0.000000,0.000000,0.000000,1.000000,0.000000,0.000000,0.000000
38.288792,21.839466,47.652557,20.000000,0.000000,0.000000,0.000000,1.000000,0.000000,0.000000,0.000000
40.609436,20.920918,62.005836,19.000000,0.000000,0.000000,0.000000,1.000000,0.000000,0.000000,0.000000
50.586830,19.571787,-17.126886,20.000000,0.000000,0.000000,0.000000,1.000000,0.000000,0.000000,0.000000
36.779301,19.330402,29.758648,20.000000,0.000000,0.000000,0.000000,1.000000,0.000000,0.000000,0.000000
41.895592,7.947705,-15.987820,20.000000,0.000000,0.000000,0.000000,1.000000,0.000000,0.000000,0.000000
36.779301,19.330402,29.758648,20.000000,0.000000,0.000000,0.000000,1.000000,0.000000,0.000000,0.000000
50.586830,19.571787,-17.126886,20.000000,0.000000,0.000000,0.000000,1.000000,0.000000,0.000000,0.000000
46.721180,19.551369,27.099485,20.000000,0.000000,0.000000,0.000000,1.000000,0.000000,0.000000,0.000000
52.682495,-0.644888,60.378971,19.000000,0.000000,0.000000,0.000000,1.000000,0.000000,0.000000,0.000000
57.090900,14.533395,46.306282,20.000000,0.000000,0.000000,0.000000,1.000000,0.000000,0.000000,0.000000
52.398495,-8.451203,26.866030,20.000000,0.000000,0.000000,0.000000,1.000000,0.000000,0.000000,0.000000
57.090900,14.533395,46.306282,20.000000,0.000000,0.000000,0.000000,1.000000,0.000000,0.000000,0.000000
52.682495,-0.644888,60.378971,19.000000,0.000000,0.000000,0.000000,1.000000,0.000000,0.000000,0.000000
56.664684,15.252251,58.555946,19.000000,0.000000,0.000000,0.000000,1.000000,0.000000,0.000000,0.000000
50.586830,19.571787,-17.126886,20.000000,0.000000,0.000000,0.000000,1.000000,0.000000,0.000000,0.000000
54.412140,11.062687,25.463003,20.000000,0.000000,0.000000,0.000000,1.000000,0.000000,0.000000,0.000000
46.721180,19.551369,27.099485,20.000000,0.000000,0.000000,0.000000,1.000000,0.000000,0.000000,0.000000
54.412140,11.062687,25.463003,20.000000,0.000000,0.000000,0.000000,1.000000,0.000000,0.000000,0.000000
50.586830,19.571787,-17.126886,20.000000,0.000000,0.000000,0.000000,1.000000,0.000000,0.000000,0.000000
53.094673,12.390690,-15.101836,20.000000,0.000000,0.000000,0.000000,1.000000,0.000000,0.000000,0.000000
32.436752,-3.779747,120.110359,18.000000,0.000000,0.000000,0.000000,1.000000,0.000000,0.000000,0.000000
23.403902,-4.298599,121.881920,18.000000,0.000000,0.000000,0.000000,1.000000,0.000000,0.000000,0.000000
37.784576,16.230179,122.756767,18.000000,0.000000,0.000000,0.000000,1.000000,0.000000,0.000000,0.000000
32.369637,-13.426160,92.670563,18.000000,0.000000,0.000000,0.000000,1.000000,0.000000,0.000000,0.000000
33.093407,5.223567,80.937553,18.000000,0.000000,0.000000,0.000000,1.000000,0.000000,0.000000,0.000000
26.490774,-16.453028,91.161560,18.000000,0.000000,0.000000,0.000000,1.000000,0.000000,0.000000,0.000000
37.784576,16.230179,122.756767,18.000000,0.000000,0.000000,0.000000,1.000000,0.000000,0.000000,0.000000
44.961380,-5.421824,116.075157,19.000000,0.000000,0.000000,0.000000,1.000000,0.000000,0.000000,0.000000
32.436752,-3.779747,120.110359,18.000000,0.000000,0.000000,0.000000,1.000000,0.000000,0.000000,0.000000
44.961380,-5.421824,116.075157,19.000000,0.000000,0.000000,0.000000,1.000000,0.000000,0.000000,0.000000
37.784576,16.230179,122.756767,18.000000,0.000000,0.000000,0.000000,1.000000,0.000000,0.000000,0.000000
51.507893,12.203748,119.581711,19.000000,0.000000,0.000000,0.000000,1.000000,0.000000,0.000000,0.000000
44.961380,-5.421824,116.075157,19.000000,0.000000,0.000000,0.000000,1.000000,0.000000,0.000000,0.000000
32.369637,-13.426160,92.670563,18.000000,0.000000,0.000000,0.000000,1.000000,0.000000,0.000000,0.000000
32.436752,-3.779747,120.110359,18.000000,0.000000,0.000000,0.000000,1.000000,0.000000,0.000000,0.000000
32.369637,-13.426160,92.670563,18.000000,0.000000,0.000000,0.000000,1.000000,0.000000,0.000000,0.000000
44.961380,-5.421824,116.075157,19.000000,0.000000,0.000000,0.000000,1.000000,0.000000,0.000000,0.000000
27.923555,-6.542762,95.390778,19.000000,0.000000,0.000000,0.000000,1.000000,0.000000,0.000000,0.000000
33.093407,5.223567,80.937553,18.000000,0.000000,0.000000,0.000000,1.000000,0.000000,0.000000,0.000000
37.095806,21.882650,91.318779,19.000000,0.000000,0.000000,0.000000,1.000000,0.000000,0.000000,0.000000
32.476833,20.459486,87.900772,18.000000,0.000000,0.000000,0.000000,1.000000,0.000000,0.000000,0.000000
37.095806,21.882650,91.318779,19.000000,0.000000,0.000000,0.000000,1.000000,0.000000,0.000000,0.000000
33.093407,5.223567,80.937553,18.000000,0.000000,0.000000,0.000000,1.000000,0.000000,0.000000,0.000000
31.565889,8.364305,86.365837,19.000000,0.000000,0.000000,0.000000,1.000000,0.000000,0.000000,0.000000
32.436752,-3.779747,120.110359,18.000000,0.000000,0.000000,0.000000,1.000000,0.000000,0.000000,0.000000
26.490774,-16.453028,91.161560,18.000000,0.000000,0.000000,0.000000,1.000000,0.000000,0.000000,0.000000
23.403902,-4.298599,121.881920,18.000000,0.000000,0.000000,0.000000,1.000000,0.000000,0.000000,0.000000
26.490774,-16.453028,91.161560,18.000000,0.000000,0.000000,0.000000,1.000000,0.000000,0.000000,0.000000
32.436752,-3.779747,120.110359,18.000000,0.000000,0.000000,0.000000,1.000000,0.000000,0.000000,0.000000
32.369637,-13.426160,92.670563,18.000000,0.000000,0.000000,0.000000,1.000000,0.000000,0.000000,0.000000
27.923555,-6.542762,95.390778,19.000000,0.000000,0.000000,0.000000,1.000000,0.000000,0.000000,0.000000
33.093407,5.223567,80.937553,18.000000,0.000000,0.000000,0.000000,1.000000,0.000000,0.000000,0.000000
32.369637,-13.426160,92.670563,18.000000,0.000000,0.000000,0.000000,1.000000,0.000000,0.000000,0.000000
33.093407,5.223567,80.937553,18.000000,0.000000,0.000000,0.000000,1.000000,0.000000,0.000000,0.000000
27.923555,-6.542762,95.390778,19.000000,0.000000,0.000000,0.000000,1.000000,0.000000,0.000000,0.000000
31.565889,8.364305,86.365837,19.000000,0.000000,0.000000,0.000000,1.000000,0.000000,0.000000,0.000000
37.784576,16.230179,122.756767,18.000000,0.000000,0.000000,0.000000,1.000000,0.000000,0.000000,0.000000
42.971275,24.268187,100.841202,19.000000,0.000000,0.000000,0.000000,1.000000,0.000000,0.000000,0.000000
51.507893,12.203748,119.581711,19.000000,0.000000,0.000000,0.000000,1.000000,0.000000,0.000000,0.000000
42.971275,24.268187,100.841202,19.000000,0.000000,0.000000,0.000000,1.000000,0.000000,0.000000,0.000000
37.784576,16.230179,122.756767,18.000000,0.000000,0.000000,0.000000,1.000000,0.000000,0.000000,0.000000
35.855190,28.605270,104.125229,18.000000,0.000000,0.000000,0.000000,1.000000,0.000000,0.000000,0.000000
32.476833,20.459486,87.900772,18.000000,0.000000,0.000000,0.000000,1.000000,0.000000,0.000000,0.000000
42.971275,24.268187,100.841202,19.000000,0.000000,0.000000,0.000000,1.000000,0.000000,0.000000,0.000000
35.855190,28.605270,104.125229,18.000000,0.000000,0.000000,0.000000,1.000000,0.000000,0.000000,0.000000
42.971275,24.268187,100.841202,19.000000,0.000000,0.000000,0.000000,1.000000,0.000000,0.000000,0.000000
32.476833,20.459486,87.900772,18.000000,0.000000,0.000000,0.000000,1.000000,0.000000,0.000000,0.000000
37.095806,21.882650,91.318779,19.000000,0.000000,0.000000,0.000000,1.000000,0.000000,0.000000,0.000000
-57.857540,-2.827391,-39.114761,13.000000,0.000000,0.000000,0.000000,1.000000,0.000000,0.000000,0.000000
-55.505119,3.966102,-15.679752,12.000000,0.000000,0.000000,0.000000,1.000000,0.000000,0.000000,0.000000
-54.451553,-16.561394,-38.202667,13.000000,0.000000,0.000000,0.000000,1.000000,0.000000,0.000000,0.000000
-35.828060,-26.938419,-40.177429,13.000000,0.000000,0.000000,0.000000,1.000000,0.000000,0.000000,0.000000
-34.711784,-28.549908,-37.905315,13.000000,0.000000,0.000000,0.000000,1.000000,0.000000,0.000000,0.000000
-33.119595,-26.127962,-39.170265,13.000000,0.000000,0.000000,0.000000,1.000000,0.000000,0.000000,0.000000
-35.142044,-14.716576,-53.861736,13.000000,0.000000,0.000000,0.000000,1.000000,0.000000,0.000000,0.000000
-50.105682,-16.316767,-44.126842,13.000000,0.000000,0.000000,0.000000,1.000000,0.000000,0.000000,0.000000
-44.120911,-19.886635,-43.432930,13.000000,0.000000,0.000000,0.000000,1.000000,0.000000,0.000000,0.000000
-40.208233,-12.696387,-19.990208,13.000000,0.000000,0.000000,0.000000,1.000000,0.000000,0.000000,0.000000
-41.234093,-17.060438,-33.595081,13.000000,0.000000,0.000000,0.000000,1.000000,0.000000,0.000000,0.000000
-46.533279,-22.123255,-34.146187,13.000000,0.000000,0.000000,0.000000,1.000000,0.000000,0.000000,0.000000
-45.712662,-1.454047,-55.995083,13.000000,0.000000,0.000000,0.000000,1.000000,0.000000,0.000000,0.000000
-53.549431,-2.453287,-44.047607,13.000000,0.000000,0.000000,0.000000,1.000000,0.000000,0.000000,0.000000
-54.884781,-2.923252,-45.046852,13.000000,0.000000,0.000000,0.000000,1.000000,0.000000,0.000000,0.000000
-35.142044,-14.716576,-53.861736,13.000000,0.000000,0.000000,0.000000,1.000000,0.000000,0.000000,0.000000
-44.120911,-19.886635,-43.432930,13.000000,0.000000,0.000000,0.000000,1.000000,0.000000,0.000000,0.000000
-40.376152,-17.375233,-42.608189,13.000000,0.000000,0.000000,0.000000,1.000000,0.000000,0.000000,0.000000
-34.711784,-28.549908,-37.905315,13.000000,0.000000,0.000000,0.000000,1.000000,0.000000,0.000000,0.000000
-46.533279,-22.123255,-34.146187,13.000000,0.000000,0.000000,0.000000,1.000000,0.000000,0.000000,0.000000
-44.054317,-20.731144,-18.078859,13.000000,0.000000,0.000000,0.000000,1.000000,0.000000,0.000000,0.000000
-46.533279,-22.123255,-34.146187,13.000000,0.000000,0.000000,0.000000,1.000000,0.000000,0.000000,0.000000
-34.711784,-28.549908,-37.905315,13.000000,0.000000,0.000000,0.000000,1.000000,0.000000,0.000000,0.000000
-35.828060,-26.938419,-40.177429,13.000000,0.000000,0.000000,0.000000,1.000000,0.000000,0.000000,0.000000
-42.069187,-11.158528,-16.223183,13.000000,0.000000,0.000000,0.000000,1.000000,0.000000,0.000000,0.000000
-43.447227,3.237886,-16.134739,12.000000,0.000000,0.000000,0.000000,1.000000,0.000000,0.000000,0.000000
-55.186825,-1.887460,-37.116276,13.000000,0.000000,0.000000,0.000000,1.000000,0.000000,0.000000,0.000000
-43.447227,3.237886,-16.134739,12.000000,0.000000,0.000000,0.000000,1.000000,0.000000,0.000000,0.000000
-42.069187,-11.158528,-16.223183,13.000000,0.000000,0.000000,0.000000,1.000000,0.000000,0.000000,0.000000
-42.900555,-10.105299,-13.363330,12.000000,0.000000,0.000000,0.000000,1.000000,0.000000,0.000000,0.000000
-46.533279,-22.123255,-34.146187,13.000000,0.000000,0.000000,0.000000,1.000000,0.000000,0.000000,0.000000
-33.119595,-26.127962,-39.170265,13.000000,0.000000,0.000000,0.000000,1.000000,0.000000,0.000000,0.000000
-40.208233,-12.696387,-19.990208,13.000000,0.000000,0.000000,0.000000,1.000000,0.000000,0.000000,0.000000
-33.119595,-26.127962,-39.170265,13.000000,0.000000,0.000000,0.000000,1.000000,0.000000,0.000000,0.000000
-46.533279,-22.123255,-34.146187,13.000000,0.000000,0.000000,0.000000,1.000000,0.000000,0.000000,0.000000
-35.828060,-26.938419,-40.177429,13.000000,0.000000,0.000000,0.000000,1.000000,0.000000,0.000000,0.000000
-42.069187,-11.158528,-16.223183,13.000000,0.000000,0.000000,0.000000,1.000000,0.000000,0.000000,0.000000
-51.809612,-13.372934,-13.276615,12.000000,0.000000,0.000000,0.000000,1.000000,0.000000,0.000000,0.000000
-42.900555,-10.105299,-13.363330,12.000000,0.000000,0.000000,0.000000,1.000000,0.000000,0.000000,0.000000
-51.809612,-13.372934,-13.276615,12.000000,0.000000,0.000000,0.000000,1.000000,0.000000,0.000000,0.000000
-42.069187,-11.158528,-16.223183,13.000000,0.000000,0.000000,0.000000,1.000000,0.000000,0.000000,0.000000
-46.551167,-16.601852,-15.683837,13.000000,0.000000,0.000000,0.000000,1.000000,0.000000,0.000000,0.000000
-46.551167,-16.601852,-15.683837,13.000000,0.000000,0.000000,0.000000,1.000000,0.000000,0.000000,0.000000
-40.208233,-12.696387,-19.990208,13.000000,0.000000,0.000000,0.000000,1.000000,0.000000,0.000000,0.000000
-44.054317,-20.731144,-18.078859,13.000000,0.000000,0.000000,0.000000,1.000000,0.000000,0.000000,0.000000
-40.208233,-12.696387,-19.990208,13.000000,0.000000,0.000000,0.000000,1.000000,0.000000,0.000000,0.000000
-46.551167,-16.601852,-15.683837,13.000000,0.000000,0.000000,0.000000,1.000000,0.000000,0.000000,0.000000
-42.069187,-11.158528,-16.223183,13.000000,0.000000,0.000000,0.000000,1.000000,0.000000,0.000000,0.000000
-41.234093,-17.060438,-33.595081,13.000000,0.000000,0.000000,0.000000,1.000000,0.000000,0.000000,0.000000
-44.120911,-19.886635,-43.432930,13.000000,0.000000,0.000000,0.000000,1.000000,0.000000,0.000000,0.000000
-46.533279,-22.123255,-34.146187,13.000000,0.000000,0.000000,0.000000,1.000000,0.000000,0.000000,0.000000
-44.120911,-19.886635,-43.432930,13.000000,0.000000,0.000000,0.000000,1.000000,0.000000,0.000000,0.000000
-41.234093,-17.060438,-33.595081,13.000000,0.000000,0.000000,0.000000,1.000000,0.000000,0.000000,0.000000
-40.376152,-17.375233,-42.608189,13.000000,0.000000,0.000000,0.000000,1.000000,0.000000,0.000000,0.000000
-55.186825,-1.887460,-37.116276,13.000000,0.000000,0.000000,0.000000,1.000000,0.000000,0.000000,0.000000
-40.376152,-17.375233,-42.608189,13.000000,0.000000,0.000000,0.000000,1.000000,0.000000,0.000000,0.000000
-41.234093,-17.060438,-33.595081,13.000000,0.000000,0.000000,0.000000,1.000000,0.000000,0.000000,0.000000
-40.376152,-17.375233,-42.608189,13.000000,0.000000,0.000000,0.000000,1.000000,0.000000,0.000000,0.000000
-55.186825,-1.887460,-37.116276,13.000000,0.000000,0.000000,0.000000,1.000000,0.000000,0.000000,0.000000
-53.549431,-2.453287,-44.047607,13.000000,0.000000,0.000000,0.000000,1.000000,0.000000,0.000000,0.000000
-33.119595,-26.127962,-39.170265,13.000000,0.000000,0.000000,0.000000,1.000000,0.000000,0.000000,0.000000
-44.054317,-20.731144,-18.078859,13.000000,0.000000,0.000000,0.000000,1.000000,0.000000,0.000000,0.000000
-40.208233,-12.696387,-19.990208,13.000000,0.000000,0.000000,0.000000,1.000000,0.000000,0.000000,0.000000
-44.054317,-20.731144,-18.078859,13.000000,0.000000,0.000000,0.000000,1.000000,0.000000,0.000000,0.000000
-33.119595,-26.127962,-39.170265,13.000000,0.000000,0.000000,0.000000,1.000000,0.000000,0.000000,0.000000
-34.711784,-28.549908,-37.905315,13.000000,0.000000,0.000000,0.000000,1.000000,0.000000,0.000000,0.000000
-54.884781,-2.923252,-45.046852,13.000000,0.000000,0.000000,0.000000,1.000000,0.000000,0.000000,0.000000
-54.451553,-16.561394,-38.202667,13.000000,0.000000,0.000000,0.000000,1.000000,0.000000,0.000000,0.000000
-50.105682,-16.316767,-44.126842,13.000000,0.000000,0.000000,0.000000,1.000000,0.000000,0.000000,0.000000
-54.451553,-16.561394,-38.202667,13.000000,0.000000,0.000000,0.000000,1.000000,0.000000,0.000000,0.000000
-54.884781,-2.923252,-45.046852,13.000000,0.000000,0.000000,0.000000,1.000000,0.000000,0.000000,0.000000
-57.857540,-2.827391,-39.114761,13.000000,0.000000,0.000000,0.000000,1.000000,0.000000,0.000000,0.000000
-46.551167,-16.601852,-15.683837,13.000000,0.000000,0.000000,0.000000,1.000000,0.000000,0.000000,0.000000
-46.533279,-22.123255,-34.146187,13.000000,0.000000,0.000000,0.000000,1.000000,0.000000,0.000000,0.000000
-54.451553,-16.561394,-38.202667,13.000000,0.000000,0.000000,0.000000,1.000000,0.000000,0.000000,0.000000
-46.533279,-22.123255,-34.146187,13.000000,0.000000,0.000000,0.000000,1.000000,0.000000,0.000000,0.000000
-46.551167,-16.601852,-15.683837,13.000000,0.000000,0.000000,0.000000,1.000000,0.000000,0.000000,0.000000
-44.054317,-20.731144,-18.078859,13.000000,0.000000,0.000000,0.000000,1.000000,0.000000,0.000000,0.000000
-41.234093,-17.060438,-33.595081,13.000000,0.000000,0.000000,0.000000,1.000000,0.000000,0.000000,0.000000
-42.069187,-11.158528,-16.223183,13.000000,0.000000,0.000000,0.000000,1.000000,0.000000,0.000000,0.000000
-55.186825,-1.887460,-37.116276,13.000000,0.000000,0.000000,0.000000,1.000000,0.000000,0.000000,0.000000
-42.069187,-11.158528,-16.223183,13.000000,0.000000,0.000000,0.000000,1.000000,0.000000,0.000000,0.000000
-41.234093,-17.060438,-33.595081,13.000000,0.000000,0.000000,0.000000,1.000000,0.000000,0.000000,0.000000
-40.208233,-12.696387,-19.990208,13.000000,0.000000,0.000000,0.000000,1.000000,0.000000,0.000000,0.000000
-51.809612,-13.372934,-13.276615,12.000000,0.000000,0.000000,0.000000,1.000000,0.000000,0.000000,0.000000
-54.451553,-16.561394,-38.202667,13.000000,0.000000,0.000000,0.000000,1.000000,0.000000,0.000000,0.000000
-55.505119,3.966102,-15.679752,12.000000,0.000000,0.000000,0.000000,1.000000,0.000000,0.000000,0.000000
-54.451553,-16.561394,-38.202667,13.000000,0.000000,0.000000,0.000000,1.000000,0.000000,0.000000,0.000000
-51.809612,-13.372934,-13.276615,12.000000,0.000000,0.000000,0.000000,1.000000,0.000000,0.000000,0.000000
-46.551167,-16.601852,-15.683837,13.000000,0.000000,0.000000,0.000000,1.000000,0.000000,0.000000,0.000000
-44.120911,-19.886635,-43.432930,13.000000,0.000000,0.000000,0.000000,1.000000,0.000000,0.000000,0.000000
-54.451553,-16.561394,-38.202667,13.000000,0.000000,0.000000,0.000000,1.000000,0.000000,0.000000,0.000000
-46.533279,-22.123255,-34.146187,13.000000,0.000000,0.000000,0.000000,1.000000,0.000000,0.000000,0.000000
-54.451553,-16.561394,-38.202667,13.000000,0.000000,0.000000,0.000000,1.000000,0.000000,0.000000,0.000000
-44.120911,-19.886635,-43.432930,13.000000,0.000000,0.000000,0.000000,1.000000,0.000000,0.000000,0.000000
-50.105682,-16.316767,-44.126842,13.000000,0.000000,0.000000,0.000000,1.000000,0.000000,0.000000,0.000000
-45.712662,-1.454047,-55.995083,13.000000,0.000000,0.000000,0.000000,1.000000,0.000000,0.000000,0.000000
-50.105682,-16.316767,-44.126842,13.000000,0.000000,0.000000,0.000000,1.000000,0.000000,0.000000,0.000000
-35.142044,-14.716576,-53.861736,13.000000,0.000000,0.000000,0.000000,1.000000,0.000000,0.000000,0.000000
-50.105682,-16.316767,-44.126842,13.000000,0.000000,0.000000,0.000000,1.000000,0.000000,0.000000,0.000000
-45.712662,-1.454047,-55.995083,13.000000,0.000000,0.000000,0.000000,1.000000,0.000000,0.000000,0.000000
-54.884781,-2.923252,-45.046852,13.000000,0.000000,0.000000,0.000000,1.000000,0.000000,0.000000,0.000000
-57.857540,-2.827391,-39.114761,13.000000,0.000000,0.000000,0.000000,1.000000,0.000000,0.000000,0.000000
-53.549431,-2.453287,-44.047607,13.000000,0.000000,0.000000,0.000000,1.000000,0.000000,0.000000,0.000000
-55.186825,-1.887460,-37.116276,13.000000,0.000000,0.000000,0.000000,1.000000,0.000000,0.000000,0.000000
-53.549431,-2.453287,-44.047607,13.000000,0.000000,0.000000,0.000000,1.000000,0.000000,0.000000,0.000000
-57.857540,-2.827391,-39.114761,13.000000,0.000000,0.000000,0.000000,1.000000,0.000000,0.000000,0.000000
-54.884781,-2.923252,-45.046852,13.000000,0.000000,0.000000,0.000000,1.000000,0.000000,0.000000,0.000000
-45.712662,-1.454047,-55.995083,13.000000,0.000000,0.000000,0.000000,1.000000,0.000000,0.000000,0.000000
-40.376152,-17.375233,-42.608189,13.000000,0.000000,0.000000,0.000000,1.000000,0.000000,0.000000,0.000000
-53.549431,-2.453287,-44.047607,13.000000,0.000000,0.000000,0.000000,1.000000,0.000000,0.000000,0.000000
-40.376152,-17.375233,-42.608189,13.000000,0.000000,0.000000,0.000000,1.000000,0.000000,0.000000,0.000000
-45.712662,-1.454047,-55.995083,13.000000,0.000000,0.000000,0.000000,1.000000,0.000000,0.000000,0.000000
-35.142044,-14.716576,-53.861736,13.000000,0.000000,0.000000,0.000000,1.000000,0.000000,0.000000,0.000000
-57.857540,-2.827391,-39.114761,13.000000,0.000000,0.000000,0.000000,1.000000,0.000000,0.000000,0.000000
-43.447227,3.237886,-16.134739,12.000000,0.000000,0.000000,0.000000,1.000000,0.000000,0.000000,0.000000
-55.505119,3.966102,-15.679752,12.000000,0.000000,0.000000,0.000000,1.000000,0.000000,0.000000,0.000000
-43.447227,3.237886,-16.134739,12.000000,0.000000,0.000000,0.000000,1.000000,0.000000,0.000000,0.000000
-57.857540,-2.827391,-39.114761,13.000000,0.000000,0.000000,0.000000,1.000000,0.000000,0.000000,0.000000
-55.186825,-1.887460,-37.116276,13.000000,0.000000,0.000000,0.000000,1.000000,0.000000,0.000000,0.000000
45.709896,10.433284,-39.052872,21.000000,0.000000,0.000000,0.000000,1.000000,0.000000,0.000000,0.000000
54.956448,-0.279541,-39.804886,21.000000,0.000000,0.000000,0.000000,1.000000,0.000000,0.000000,0.000000
53.094673,12.390690,-15.101836,20.000000,0.000000,0.000000,0.000000,1.000000,0.000000,0.000000,0.000000
52.339588,-21.479490,-41.016060,21.000000,0.000000,0.000000,0.000000,1.000000,0.000000,0.000000,0.000000
50.351673,-23.203188,-39.574867,21.000000,0.000000,0.000000,0.000000,1.000000,0.000000,0.000000,0.000000
53.437450,-23.292294,-38.894112,21.000000,0.000000,0.000000,0.000000,1.000000,0.000000,0.000000,0.000000
39.516968,-15.138838,-52.509224,21.000000,0.000000,0.000000,0.000000,1.000000,0.000000,0.000000,0.000000
50.758362,-10.685206,-44.164543,21.000000,0.000000,0.000000,0.000000,1.000000,0.000000,0.000000,0.000000
51.154076,-3.753422,-45.042244,21.000000,0.000000,0.000000,0.000000,1.000000,0.000000,0.000000,0.000000
47.318180,-9.407955,-19.624901,21.000000,0.000000,0.000000,0.000000,1.000000,0.000000,0.000000,0.000000
55.711475,-9.895941,-35.693291,21.000000,0.000000,0.000000,0.000000,1.000000,0.000000,0.000000,0.000000
48.762936,-11.273724,-33.742443,21.000000,0.000000,0.000000,0.000000,1.000000,0.000000,0.000000,0.000000
34.468697,1.120341,-53.903809,21.000000,0.000000,0.000000,0.000000,1.000000,0.000000,0.000000,0.000000
42.956177,7.880476,-44.517555,21.000000,0.000000,0.000000,0.000000,1.000000,0.000000,0.000000,0.000000
42.016922,7.077849,-43.303688,21.000000,0.000000,0.000000,0.000000,1.000000,0.000000,0.000000,0.000000
39.516968,-15.138838,-52.509224,21.000000,0.000000,0.000000,0.000000,1.000000,0.000000,0.000000,0.000000
46.786198,-12.270540,-42.519493,21.000000,0.000000,0.000000,0.000000,1.000000,0.000000,0.000000,0.000000
50.758362,-10.685206,-44.164543,21.000000,0.000000,0.000000,0.000000,1.000000,0.000000,0.000000,0.000000
55.711475,-9.895941,-35.693291,21.000000,0.000000,0.000000,0.000000,1.000000,0.000000,0.000000,0.000000
53.437450,-23.292294,-38.894112,21.000000,0.000000,0.000000,0.000000,1.000000,0.000000,0.000000,0.000000
56.300182,-10.902414,-19.430349,21.000000,0.000000,0.000000,0.000000,1.000000,0.000000,0.000000,0.000000
53.437450,-23.292294,-38.894112,21.000000,0.000000,0.000000,0.000000,1.000000,0.000000,0.000000,0.000000
55.711475,-9.895941,-35.693291,21.000000,0.000000,0.000000,0.000000,1.000000,0.000000,0.000000,0.000000
52.339588,-21.479490,-41.016060,21.000000,0.000000,0.000000,0.000000,1.000000,0.000000,0.000000,0.000000
41.895592,7.947705,-15.987820,20.000000,0.000000,0.000000,0.000000,1.000000,0.000000,0.000000,0.000000
47.868839,-6.953667,-15.929460,21.000000,0.000000,0.000000,0.000000,1.000000,0.000000,0.000000,0.000000
43.831383,8.828031,-36.625137,21.000000,0.000000,0.000000,0.000000,1.000000,0.000000,0.000000,0.000000
47.868839,-6.953667,-15.929460,21.000000,0.000000,0.000000,0.000000,1.000000,0.000000,0.000000,0.000000
41.895592,7.947705,-15.987820,20.000000,0.000000,0.000000,0.000000,1.000000,0.000000,0.000000,0.000000
45.436436,-4.918754,-13.195838,20.000000,0.000000,0.000000,0.000000,1.000000,0.000000,0.000000,0.000000
50.351673,-23.203188,-39.574867,21.000000,0.000000,0.000000,0.000000,1.000000,0.000000,0.000000,0.000000
55.711475,-9.895941,-35.693291,21.000000,0.000000,0.000000,0.000000,1.000000,0.000000,0.000000,0.000000
47.318180,-9.407955,-19.624901,21.000000,0.000000,0.000000,0.000000,1.000000,0.000000,0.000000,0.000000
55.711475,-9.895941,-35.693291,21.000000,0.000000,0.000000,0.000000,1.000000,0.000000,0.000000,0.000000
50.351673,-23.203188,-39.574867,21.000000,0.000000,0.000000,0.000000,1.000000,0.000000,0.000000,0.000000
52.339588,-21.479490,-41.016060,21.000000,0.000000,0.000000,0.000000,1.000000,0.000000,0.000000,0.000000
54.905624,-5.248286,-12.777759,20.000000,0.000000,0.000000,0.000000,1.000000,0.000000,0.000000,0.000000
47.868839,-6.953667,-15.929460,21.000000,0.000000,0.000000,0.000000,1.000000,0.000000,0.000000,0.000000
45.436436,-4.918754,-13.195838,20.000000,0.000000,0.000000,0.000000,1.000000,0.000000,0.000000,0.000000
47.868839,-6.953667,-15.929460,21.000000,0.000000,0.000000,0.000000,1.000000,0.000000,0.000000,0.000000
54.905624,-5.248286,-12.777759,20.000000,0.000000,0.000000,0.000000,1.000000,0.000000,0.000000,0.000000
54.870255,-6.447694,-16.768368,21.000000,0.000000,0.000000,0.000000,1.000000,0.000000,0.000000,0.000000
47.318180,-9.407955,-19.624901,21.000000,0.000000,0.000000,0.000000,1.000000,0.000000,0.000000,0.000000
54.870255,-6.447694,-16.768368,21.000000,0.000000,0.000000,0.000000,1.000000,0.000000,0.000000,0.000000
56.300182,-10.902414,-19.430349,21.000000,0.000000,0.000000,0.000000,1.000000,0.000000,0.000000,0.000000
54.870255,-6.447694,-16.768368,21.000000,0.000000,0.000000,0.000000,1.000000,0.000000,0.000000,0.000000
47.318180,-9.407955,-19.624901,21.000000,0.000000,0.000000,0.000000,1.000000,0.000000,0.000000,0.000000
47.868839,-6.953667,-15.929460,21.000000,0.000000,0.000000,0.000000,1.000000,0.000000,0.000000,0.000000
55.711475,-9.895941,-35.693291,21.000000,0.000000,0.000000,0.000000,1.000000,0.000000,0.000000,0.000000
46.786198,-12.270540,-42.519493,21.000000,0.000000,0.000000,0.000000,1.000000,0.000000,0.000000,0.000000
48.762936,-11.273724,-33.742443,21.000000,0.000000,0.000000,0.000000,1.000000,0.000000,0.000000,0.000000
46.786198,-12.270540,-42.519493,21.000000,0.000000,0.000000,0.000000,1.000000,0.000000,0.000000,0.000000
55.711475,-9.895941,-35.693291,21.000000,0.000000,0.000000,0.000000,1.000000,0.000000,0.000000,0.000000
50.758362,-10.685206,-44.164543,21.000000,0.000000,0.000000,0.000000,1.000000,0.000000,0.000000,0.000000
46.786198,-12.270540,-42.519493,21.000000,0.000000,0.000000,0.000000,1.000000,0.000000,0.000000,0.000000
43.831383,8.828031,-36.625137,21.000000,0.000000,0.000000,0.000000,1.000000,0.000000,0.000000,0.000000
48.762936,-11.273724,-33.742443,21.000000,0.000000,0.000000,0.000000,1.000000,0.000000,0.000000,0.000000
43.831383,8.828031,-36.625137,21.000000,0.000000,0.000000,0.000000,1.000000,0.000000,0.000000,0.000000
46.786198,-12.270540,-42.519493,21.000000,0.000000,0.000000,0.000000,1.000000,0.000000,0.000000,0.000000
42.016922,7.077849,-43.303688,21.000000,0.000000,0.000000,0.000000,1.000000,0.000000,0.000000,0.000000
56.300182,-10.902414,-19.430349,21.000000,0.000000,0.000000,0.000000,1.000000,0.000000,0.000000,0.000000
50.351673,-23.203188,-39.574867,21.000000,0.000000,0.000000,0.000000,1.000000,0.000000,0.000000,0.000000
47.318180,-9.407955,-19.624901,21.000000,0.000000,0.000000,0.000000,1.000000,0.000000,0.000000,0.000000
50.351673,-23.203188,-39.574867,21.000000,0.000000,0.000000,0.000000,1.000000,0.000000,0.000000,0.000000
56.300182,-10.902414,-19.430349,21.000000,0.000000,0.000000,0.000000,1.000000,0.000000,0.000000,0.000000
53.437450,-23.292294,-38.894112,21.000000,0.000000,0.000000,0.000000,1.000000,0.000000,0.000000,0.000000
54.956448,-0.279541,-39.804886,21.000000,0.000000,0.000000,0.000000,1.000000,0.000000,0.000000,0.000000
42.956177,7.880476,-44.517555,21.000000,0.000000,0.000000,0.000000,1.000000,0.000000,0.000000,0.000000
51.154076,-3.753422,-45.042244,21.000000,0.000000,0.000000,0.000000,1.000000,0.000000,0.000000,0.000000
42.956177,7.880476,-44.517555,21.000000,0.000000,0.000000,0.000000,1.000000,0.000000,0.000000,0.000000
54.956448,-0.279541,-39.804886,21.000000,0.000000,0.000000,0.000000,1.000000,0.000000,0.000000,0.000000
45.709896,10.433284,-39.052872,21.000000,0.000000,0.000000,0.000000,1.000000,0.000000,0.000000,0.000000
55.711475,-9.895941,-35.693291,21.000000,0.000000,0.000000,0.000000,1.000000,0.000000,0.000000,0.000000
54.870255,-6.447694,-16.768368,21.000000,0.000000,0.000000,0.000000,1.000000,0.000000,0.000000,0.000000
54.956448,-0.279541,-39.804886,21.000000,0.000000,0.000000,0.000000,1.000000,0.000000,0.000000,0.000000
54.870255,-6.447694,-16.768368,21.000000,0.000000,0.000000,0.000000,1.000000,0.000000,0.000000,0.000000
55.711475,-9.895941,-35.693291,21.000000,0.000000,0.000000,0.000000,1.000000,0.000000,0.000000,0.000000
56.300182,-10.902414,-19.430349,21.000000,0.000000,0.000000,0.000000,1.000000,0.000000,0.000000,0.000000
47.868839,-6.953667,-15.929460,21.000000,0.000000,0.000000,0.000000,1.000000,0.000000,0.000000,0.000000
48.762936,-11.273724,-33.742443,21.000000,0.000000,0.000000,0.000000,1.000000,0.000000,0.000000,0.000000
43.831383,8.828031,-36.625137,21.000000,0.000000,0.000000,0.000000,1.000000,0.000000,0.000000,0.000000
48.762936,-11.273724,-33.742443,21.000000,0.000000,0.000000,0.000000,1.000000,0.000000,0.000000,0.000000
47.868839,-6.953667,-15.929460,21.000000,0.000000,0.000000,0.000000,1.000000,0.000000,0.000000,0.000000
47.318180,-9.407955,-19.624901,21.000000,0.000000,0.000000,0.000000,1.000000,0.000000,0.000000,0.000000
54.956448,-0.279541,-39.804886,21.000000,0.000000,0.000000,0.000000,1.000000,0.000000,0.000000,0.000000
54.905624,-5.248286,-12.777759,20.000000,0.000000,0.000000,0.000000,1.000000,0.000000,0.000000,0.000000
53.094673,12.390690,-15.101836,20.000000,0.000000,0.000000,0.000000,1.000000,0.000000,0.000000,0.000000
54.905624,-5.248286,-12.777759,20.000000,0.000000,0.000000,0.000000,1.000000,0.000000,0.000000,0.000000
54.956448,-0.279541,-39.804886,21.000000,0.000000,0.000000,0.000000,1.000000,0.000000,0.000000,0.000000
54.870255,-6.447694,-16.768368,21.000000,0.000000,0.000000,0.000000,1.000000,0.000000,0.000000,0.000000
54.956448,-0.279541,-39.804886,21.000000,0.000000,0.000000,0.000000,1.000000,0.000000,0.000000,0.000000
50.758362,-10.685206,-44.164543,21.000000,0.000000,0.000000,0.000000,1.000000,0.000000,0.000000,0.000000
55.711475,-9.895941,-35.693291,21.000000,0.000000,0.000000,0.000000,1.000000,0.000000,0.000000,0.000000
50.758362,-10.685206,-44.164543,21.000000,0.000000,0.000000,0.000000,1.000000,0.000000,0.000000,0.000000
54.956448,-0.279541,-39.804886,21.000000,0.000000,0.000000,0.000000,1.000000,0.000000,0.000000,0.000000
51.154076,-3.753422,-45.042244,21.000000,0.000000,0.000000,0.000000,1.000000,0.000000,0.000000,0.000000
51.154076,-3.753422,-45.042244,21.000000,0.000000,0.000000,0.000000,1.000000,0.000000,0.000000,0.000000
34.468697,1.120341,-53.903809,21.000000,0.000000,0.000000,0.000000,1.000000,0.000000,0.000000,0.000000
39.516968,-15.138838,-52.509224,21.000000,0.000000,0.000000,0.000000,1.000000,0.000000,0.000000,0.000000
34.468697,1.120341,-53.903809,21.000000,0.000000,0.000000,0.000000,1.000000,0.000000,0.000000,0.000000
51.154076,-3.753422,-45.042244,21.000000,0.000000,0.000000,0.000000,1.000000,0.000000,0.000000,0.000000
42.956177,7.880476,-44.517555,21.000000,0.000000,0.000000,0.000000,1.000000,0.000000,0.000000,0.000000
42.016922,7.077849,-43.303688,21.000000,0.000000,0.000000,0.000000,1.000000,0.000000,0.000000,0.000000
45.709896,10.433284,-39.052872,21.000000,0.000000,0.000000,0.000000,1.000000,0.000000,0.000000,0.000000
43.831383,8.828031,-36.625137,21.000000,0.000000,0.000000,0.000000,1.000000,0.000000,0.000000,0.000000
45.709896,10.433284,-39.052872,21.000000,0.000000,0.000000,0.000000,1.000000,0.000000,0.000000,0.000000
42.016922,7.077849,-43.303688,21.000000,0.000000,0.000000,0.000000,1.000000,0.000000,0.000000,0.000000
42.956177,7.880476,-44.517555,21.000000,0.000000,0.000000,0.000000,1.000000,0.000000,0.000000,0.000000
46.786198,-12.270540,-42.519493,21.000000,0.000000,0.000000,0.000000,1.000000,0.000000,0.000000,0.000000
34.468697,1.120341,-53.903809,21.000000,0.000000,0.000000,0.000000,1.000000,0.000000,0.000000,0.000000
42.016922,7.077849,-43.303688,21.000000,0.000000,0.000000,0.000000,1.000000,0.000000,0.000000,0.000000
34.468697,1.120341,-53.903809,21.000000,0.000000,0.000000,0.000000,1.000000,0.000000,0.000000,0.000000
46.786198,-12.270540,-42.519493,21.000000,0.000000,0.000000,0.000000,1.000000,0.000000,0.000000,0.000000
39.516968,-15.138838,-52.509224,21.000000,0.000000,0.000000,0.000000,1.000000,0.000000,0.000000,0.000000
41.895592,7.947705,-15.987820,20.000000,0.000000,0.000000,0.000000,1.000000,0.000000,0.000000,0.000000
45.709896,10.433284,-39.052872,21.000000,0.000000,0.000000,0.000000,1.000000,0.000000,0.000000,0.000000
53.094673,12.390690,-15.101836,20.000000,0.000000,0.000000,0.000000,1.000000,0.000000,0.000000,0.000000
45.709896,10.433284,-39.052872,21.000000,0.000000,0.000000,0.000000,1.000000,0.000000,0.000000,0.000000
41.895592,7.947705,-15.987820,20.000000,0.000000,0.000000,0.000000,1.000000,0.000000,0.000000,0.000000
43.831383,8.828031,-36.625137,21.000000,0.000000,0.000000,0.000000,1.000000,0.000000,0.000000,0.000000
-34.514874,28.611721,105.799408,10.000000,0.000000,0.000000,0.000000,1.000000,0.000000,0.000000,0.000000
-31.062717,21.582006,89.076164,10.000000,0.000000,0.000000,0.000000,1.000000,0.000000,0.000000,0.000000
-15.557386,35.625195,102.579979,4.000000,0.000000,0.000000,0.000000,1.000000,0.000000,0.000000,0.000000
19.605833,26.492336,20.426834,4.000000,0.000000,0.000000,0.000000,1.000000,0.000000,0.000000,0.000000
0.705927,30.940561,20.509529,4.000000,0.000000,0.000000,0.000000,1.000000,0.000000,0.000000,0.000000
1.065286,23.009830,25.553427,26.000000,0.000000,0.000000,0.000000,1.000000,0.000000,0.000000,0.000000
-15.893950,-18.501938,95.428703,4.000000,0.000000,0.000000,0.000000,1.000000,0.000000,0.000000,0.000000
-23.271132,-18.119144,45.474419,4.000000,0.000000,0.000000,0.000000,1.000000,0.000000,0.000000,0.000000
-25.164021,-15.480488,89.847389,10.000000,0.000000,0.000000,0.000000,1.000000,0.000000,0.000000,0.000000
16.096136,-19.259554,95.182747,4.000000,0.000000,0.000000,0.000000,1.000000,0.000000,0.000000,0.000000
26.490774,-16.453028,91.161560,18.000000,0.000000,0.000000,0.000000,1.000000,0.000000,0.000000,0.000000
22.714613,-19.208221,45.120850,4.000000,0.000000,0.000000,0.000000,1.000000,0.000000,0.000000,0.000000
-23.271132,-18.119144,45.474419,4.000000,0.000000,0.000000,0.000000,1.000000,0.000000,0.000000,0.000000
-22.942682,-18.898407,26.117514,26.000000,0.000000,0.000000,0.000000,1.000000,0.000000,0.000000,0.000000
-24.519381,-20.485928,20.517656,4.000000,0.000000,0.000000,0.000000,1.000000,0.000000,0.000000,0.000000
21.005238,-20.969496,26.657156,26.000000,0.000000,0.000000,0.000000,1.000000,0.000000,0.000000,0.000000
22.714613,-19.208221,45.120850,4.000000,0.000000,0.000000,0.000000,1.000000,0.000000,0.000000,0.000000
23.465750,-21.622358,20.148718,4.000000,0.000000,0.000000,0.000000,1.000000,0.000000,0.000000,0.000000
-4.656832,21.824270,131.712646,4.000000,0.000000,0.000000,0.000000,1.000000,0.000000,0.000000,0.000000
1.390866,32.270866,105.496353,4.000000,0.000000,0.000000,0.000000,1.000000,0.000000,0.000000,0.000000
10.338519,21.469137,131.597351,4.000000,0.000000,0.000000,0.000000,1.000000,0.000000,0.000000,0.000000
-15.557386,35.625195,102.579979,4.000000,0.000000,0.000000,0.000000,1.000000,0.000000,0.000000,0.000000
1.390866,32.270866,105.496353,4.000000,0.000000,0.000000,0.000000,1.000000,0.000000,0.000000,0.000000
-4.656832,21.824270,131.712646,4.000000,0.000000,0.000000,0.000000,1.000000,0.000000,0.000000,0.000000
10.338519,21.469137,131.597351,4.000000,0.000000,0.000000,0.000000,1.000000,0.000000,0.000000,0.000000
1.390866,32.270866,105.496353,4.000000,0.000000,0.000000,0.000000,1.000000,0.000000,0.000000,0.000000
21.431149,34.749195,102.295578,4.000000,0.000000,0.000000,0.000000,1.000000,0.000000,0.000000,0.000000
35.855190,28.605270,104.125229,18.000000,0.000000,0.000000,0.000000,1.000000,0.000000,0.000000,0.000000
21.431149,34.749195,102.295578,4.000000,0.000000,0.000000,0.000000,1.000000,0.000000,0.000000,0.000000
32.476833,20.459486,87.900772,18.000000,0.000000,0.000000,0.000000,1.000000,0.000000,0.000000,0.000000
0.705927,30.940561,20.509529,4.000000,0.000000,0.000000,0.000000,1.000000,0.000000,0.000000,0.000000
-18.382393,27.392010,20.718914,4.000000,0.000000,0.000000,0.000000,1.000000,0.000000,0.000000,0.000000
1.065286,23.009830,25.553427,26.000000,0.000000,0.000000,0.000000,1.000000,0.000000,0.000000,0.000000
-13.181170,0.959531,128.107330,4.000000,0.000000,0.000000,0.000000,1.000000,0.000000,0.000000,0.000000
-36.569859,15.000940,123.534286,10.000000,0.000000,0.000000,0.000000,1.000000,0.000000,0.000000,0.000000
-4.656832,21.824270,131.712646,4.000000,0.000000,0.000000,0.000000,1.000000,0.000000,0.000000,0.000000
-36.569859,15.000940,123.534286,10.000000,0.000000,0.000000,0.000000,1.000000,0.000000,0.000000,0.000000
-13.181170,0.959531,128.107330,4.000000,0.000000,0.000000,0.000000,1.000000,0.000000,0.000000,0.000000
-22.223114,-5.453047,121.340309,10.000000,0.000000,0.000000,0.000000,1.000000,0.000000,0.000000,0.000000
-1.157931,-23.928722,26.464909,26.000000,0.000000,0.000000,0.000000,1.000000,0.000000,0.000000,0.000000
-23.271132,-18.119144,45.474419,4.000000,0.000000,0.000000,0.000000,1.000000,0.000000,0.000000,0.000000
-0.356351,-22.630770,47.360672,4.000000,0.000000,0.000000,0.000000,1.000000,0.000000,0.000000,0.000000
-23.271132,-18.119144,45.474419,4.000000,0.000000,0.000000,0.000000,1.000000,0.000000,0.000000,0.000000
-1.157931,-23.928722,26.464909,26.000000,0.000000,0.000000,0.000000,1.000000,0.000000,0.000000,0.000000
-22.942682,-18.898407,26.117514,26.000000,0.000000,0.000000,0.000000,1.000000,0.000000,0.000000,0.000000
37.784576,16.230179,122.756767,18.000000,0.000000,0.000000,0.000000,1.000000,0.000000,0.000000,0.000000
17.809225,0.225587,127.869049,4.000000,0.000000,0.000000,0.000000,1.000000,0.000000,0.000000,0.000000
10.338519,21.469137,131.597351,4.000000,0.000000,0.000000,0.000000,1.000000,0.000000,0.000000,0.000000
17.809225,0.225587,127.869049,4.000000,0.000000,0.000000,0.000000,1.000000,0.000000,0.000000,0.000000
37.784576,16.230179,122.756767,18.000000,0.000000,0.000000,0.000000,1.000000,0.000000,0.000000,0.000000
23.403902,-4.298599,121.881920,18.000000,0.000000,0.000000,0.000000,1.000000,0.000000,0.000000,0.000000
-25.164021,-15.480488,89.847389,10.000000,0.000000,0.000000,0.000000,1.000000,0.000000,0.000000,0.000000
-13.181170,0.959531,128.107330,4.000000,0.000000,0.000000,0.000000,1.000000,0.000000,0.000000,0.000000
-15.893950,-18.501938,95.428703,4.000000,0.000000,0.000000,0.000000,1.000000,0.000000,0.000000,0.000000
-13.181170,0.959531,128.107330,4.000000,0.000000,0.000000,0.000000,1.000000,0.000000,0.000000,0.000000
-25.164021,-15.480488,89.847389,10.000000,0.000000,0.000000,0.000000,1.000000,0.000000,0.000000,0.000000
-22.223114,-5.453047,121.340309,10.000000,0.000000,0.000000,0.000000,1.000000,0.000000,0.000000,0.000000
-31.613880,17.703819,20.977201,4.000000,0.000000,0.000000,0.000000,1.000000,0.000000,0.000000,0.000000
1.065286,23.009830,25.553427,26.000000,0.000000,0.000000,0.000000,1.000000,0.000000,0.000000,0.000000
-18.382393,27.392010,20.718914,4.000000,0.000000,0.000000,0.000000,1.000000,0.000000,0.000000,0.000000
1.065286,23.009830,25.553427,26.000000,0.000000,0.000000,0.000000,1.000000,0.000000,0.000000,0.000000
-31.613880,17.703819,20.977201,4.000000,0.000000,0.000000,0.000000,1.000000,0.000000,0.000000,0.000000
-22.096703,20.097673,25.348917,26.000000,0.000000,0.000000,0.000000,1.000000,0.000000,0.000000,0.000000
17.809225,0.225587,127.869049,4.000000,0.000000,0.000000,0.000000,1.000000,0.000000,0.000000,0.000000
26.490774,-16.453028,91.161560,18.000000,0.000000,0.000000,0.000000,1.000000,0.000000,0.000000,0.000000
16.096136,-19.259554,95.182747,4.000000,0.000000,0.000000,0.000000,1.000000,0.000000,0.000000,0.000000
26.490774,-16.453028,91.161560,18.000000,0.000000,0.000000,0.000000,1.000000,0.000000,0.000000,0.000000
17.809225,0.225587,127.869049,4.000000,0.000000,0.000000,0.000000,1.000000,0.000000,0.000000,0.000000
23.403902,-4.298599,121.881920,18.000000,0.000000,0.000000,0.000000,1.000000,0.000000,0.000000,0.000000
-34.740601,3.219107,49.233467,4.000000,0.000000,0.000000,0.000000,1.000000,0.000000,0.000000,0.000000
-24.519381,-20.485928,20.517656,4.000000,0.000000,0.000000,0.000000,1.000000,0.000000,0.000000,0.000000
-38.941433,3.875188,21.252716,4.000000,0.000000,0.000000,0.000000,1.000000,0.000000,0.000000,0.000000
-24.519381,-20.485928,20.517656,4.000000,0.000000,0.000000,0.000000,1.000000,0.000000,0.000000,0.000000
-34.740601,3.219107,49.233467,4.000000,0.000000,0.000000,0.000000,1.000000,0.000000,0.000000,0.000000
-23.271132,-18.119144,45.474419,4.000000,0.000000,0.000000,0.000000,1.000000,0.000000,0.000000,0.000000
39.034397,2.028491,20.653187,4.000000,0.000000,0.000000,0.000000,1.000000,0.000000,0.000000,0.000000
32.632206,16.705055,53.480164,4.000000,0.000000,0.000000,0.000000,1.000000,0.000000,0.000000,0.000000
32.366291,16.188581,20.485279,4.000000,0.000000,0.000000,0.000000,1.000000,0.000000,0.000000,0.000000
32.632206,16.705055,53.480164,4.000000,0.000000,0.000000,0.000000,1.000000,0.000000,0.000000,0.000000
39.034397,2.028491,20.653187,4.000000,0.000000,0.000000,0.000000,1.000000,0.000000,0.000000,0.000000
35.237709,1.561815,48.695427,4.000000,0.000000,0.000000,0.000000,1.000000,0.000000,0.000000,0.000000
-31.347963,18.220295,53.972080,4.000000,0.000000,0.000000,0.000000,1.000000,0.000000,0.000000,0.000000
-18.382393,27.392010,20.718914,4.000000,0.000000,0.000000,0.000000,1.000000,0.000000,0.000000,0.000000
-18.091679,27.002789,59.728703,4.000000,0.000000,0.000000,0.000000,1.000000,0.000000,0.000000,0.000000
-18.382393,27.392010,20.718914,4.000000,0.000000,0.000000,0.000000,1.000000,0.000000,0.000000,0.000000
-31.347963,18.220295,53.972080,4.000000,0.000000,0.000000,0.000000,1.000000,0.000000,0.000000,0.000000
-31.613880,17.703819,20.977201,4.000000,0.000000,0.000000,0.000000,1.000000,0.000000,0.000000,0.000000
19.605833,26.492336,20.426834,4.000000,0.000000,0.000000,0.000000,1.000000,0.000000,0.000000,0.000000
0.934044,27.568201,60.566669,4.000000,0.000000,0.000000,0.000000,1.000000,0.000000,0.000000,0.000000
0.705927,30.940561,20.509529,4.000000,0.000000,0.000000,0.000000,1.000000,0.000000,0.000000,0.000000
0.934044,27.568201,60.566669,4.000000,0.000000,0.000000,0.000000,1.000000,0.000000,0.000000,0.000000
19.605833,26.492336,20.426834,4.000000,0.000000,0.000000,0.000000,1.000000,0.000000,0.000000,0.000000
19.896547,26.103115,59.436623,4.000000,0.000000,0.000000,0.000000,1.000000,0.000000,0.000000,0.000000
-31.613880,17.703819,20.977201,4.000000,0.000000,0.000000,0.000000,1.000000,0.000000,0.000000,0.000000
-33.982426,1.640288,25.582476,26.000000,0.000000,0.000000,0.000000,1.000000,0.000000,0.000000,0.000000
-22.096703,20.097673,25.348917,26.000000,0.000000,0.000000,0.000000,1.000000,0.000000,0.000000,0.000000
-33.982426,1.640288,25.582476,26.000000,0.000000,0.000000,0.000000,1.000000,0.000000,0.000000,0.000000
-31.613880,17.703819,20.977201,4.000000,0.000000,0.000000,0.000000,1.000000,0.000000,0.000000,0.000000
-38.941433,3.875188,21.252716,4.000000,0.000000,0.000000,0.000000,1.000000,0.000000,0.000000,0.000000
1.435487,-12.531222,119.199303,4.000000,0.000000,0.000000,0.000000,1.000000,0.000000,0.000000,0.000000
-15.893950,-18.501938,95.428703,4.000000,0.000000,0.000000,0.000000,1.000000,0.000000,0.000000,0.000000
-13.181170,0.959531,128.107330,4.000000,0.000000,0.000000,0.000000,1.000000,0.000000,0.000000,0.000000
-15.893950,-18.501938,95.428703,4.000000,0.000000,0.000000,0.000000,1.000000,0.000000,0.000000,0.000000
1.435487,-12.531222,119.199303,4.000000,0.000000,0.000000,0.000000,1.000000,0.000000,0.000000,0.000000
-0.112117,-25.971830,89.417519,4.000000,0.000000,0.000000,0.000000,1.000000,0.000000,0.000000,0.000000
-15.893950,-18.501938,95.428703,4.000000,0.000000,0.000000,0.000000,1.000000,0.000000,0.000000,0.000000
-0.356351,-22.630770,47.360672,4.000000,0.000000,0.000000,0.000000,1.000000,0.000000,0.000000,0.000000
-23.271132,-18.119144,45.474419,4.000000,0.000000,0.000000,0.000000,1.000000,0.000000,0.000000,0.000000
-0.356351,-22.630770,47.360672,4.000000,0.000000,0.000000,0.000000,1.000000,0.000000,0.000000,0.000000
-15.893950,-18.501938,95.428703,4.000000,0.000000,0.000000,0.000000,1.000000,0.000000,0.000000,0.000000
-0.112117,-25.971830,89.417519,4.000000,0.000000,0.000000,0.000000,1.000000,0.000000,0.000000,0.000000
33.937084,-1.560486,26.416468,26.000000,0.000000,0.000000,0.000000,1.000000,0.000000,0.000000,0.000000
32.366291,16.188581,20.485279,4.000000,0.000000,0.000000,0.000000,1.000000,0.000000,0.000000,0.000000
23.848852,17.932446,25.913086,26.000000,0.000000,0.000000,0.000000,1.000000,0.000000,0.000000,0.000000
32.366291,16.188581,20.485279,4.000000,0.000000,0.000000,0.000000,1.000000,0.000000,0.000000,0.000000
33.937084,-1.560486,26.416468,26.000000,0.000000,0.000000,0.000000,1.000000,0.000000,0.000000,0.000000
39.034397,2.028491,20.653187,4.000000,0.000000,0.000000,0.000000,1.000000,0.000000,0.000000,0.000000
23.465750,-21.622358,20.148718,4.000000,0.000000,0.000000,0.000000,1.000000,0.000000,0.000000,0.000000
35.237709,1.561815,48.695427,4.000000,0.000000,0.000000,0.000000,1.000000,0.000000,0.000000,0.000000
39.034397,2.028491,20.653187,4.000000,0.000000,0.000000,0.000000,1.000000,0.000000,0.000000,0.000000
35.237709,1.561815,48.695427,4.000000,0.000000,0.000000,0.000000,1.000000,0.000000,0.000000,0.000000
23.465750,-21.622358,20.148718,4.000000,0.000000,0.000000,0.000000,1.000000,0.000000,0.000000,0.000000
22.714613,-19.208221,45.120850,4.000000,0.000000,0.000000,0.000000,1.000000,0.000000,0.000000,0.000000
-24.519381,-20.485928,20.517656,4.000000,0.000000,0.000000,0.000000,1.000000,0.000000,0.000000,0.000000
-33.982426,1.640288,25.582476,26.000000,0.000000,0.000000,0.000000,1.000000,0.000000,0.000000,0.000000
-38.941433,3.875188,21.252716,4.000000,0.000000,0.000000,0.000000,1.000000,0.000000,0.000000,0.000000
-33.982426,1.640288,25.582476,26.000000,0.000000,0.000000,0.000000,1.000000,0.000000,0.000000,0.000000
-24.519381,-20.485928,20.517656,4.000000,0.000000,0.000000,0.000000,1.000000,0.000000,0.000000,0.000000
-22.942682,-18.898407,26.117514,26.000000,0.000000,0.000000,0.000000,1.000000,0.000000,0.000000,0.000000
33.937084,-1.560486,26.416468,26.000000,0.000000,0.000000,0.000000,1.000000,0.000000,0.000000,0.000000
23.465750,-21.622358,20.148718,4.000000,0.000000,0.000000,0.000000,1.000000,0.000000,0.000000,0.000000
39.034397,2.028491,20.653187,4.000000,0.000000,0.000000,0.000000,1.000000,0.000000,0.000000,0.000000
23.465750,-21.622358,20.148718,4.000000,0.000000,0.000000,0.000000,1.000000,0.000000,0.000000,0.000000
33.937084,-1.560486,26.416468,26.000000,0.000000,0.000000,0.000000,1.000000,0.000000,0.000000,0.000000
21.005238,-20.969496,26.657156,26.000000,0.000000,0.000000,0.000000,1.000000,0.000000,0.000000,0.000000
-31.347963,18.220295,53.972080,4.000000,0.000000,0.000000,0.000000,1.000000,0.000000,0.000000,0.000000
-38.941433,3.875188,21.252716,4.000000,0.000000,0.000000,0.000000,1.000000,0.000000,0.000000,0.000000
-31.613880,17.703819,20.977201,4.000000,0.000000,0.000000,0.000000,1.000000,0.000000,0.000000,0.000000
-38.941433,3.875188,21.252716,4.000000,0.000000,0.000000,0.000000,1.000000,0.000000,0.000000,0.000000
-31.347963,18.220295,53.972080,4.000000,0.000000,0.000000,0.000000,1.000000,0.000000,0.000000,0.000000
-34.740601,3.219107,49.233467,4.000000,0.000000,0.000000,0.000000,1.000000,0.000000,0.000000,0.000000
19.605833,26.492336,20.426834,4.000000,0.000000,0.000000,0.000000,1.000000,0.000000,0.000000,0.000000
32.632206,16.705055,53.480164,4.000000,0.000000,0.000000,0.000000,1.000000,0.000000,0.000000,0.000000
19.896547,26.103115,59.436623,4.000000,0.000000,0.000000,0.000000,1.000000,0.000000,0.000000,0.000000
32.632206,16.705055,53.480164,4.000000,0.000000,0.000000,0.000000,1.000000,0.000000,0.000000,0.000000
19.605833,26.492336,20.426834,4.000000,0.000000,0.000000,0.000000,1.000000,0.000000,0.000000,0.000000
32.366291,16.188581,20.485279,4.000000,0.000000,0.000000,0.000000,1.000000,0.000000,0.000000,0.000000
0.934044,27.568201,60.566669,4.000000,0.000000,0.000000,0.000000,1.000000,0.000000,0.000000,0.000000
-18.382393,27.392010,20.718914,4.000000,0.000000,0.000000,0.000000,1.000000,0.000000,0.000000,0.000000
0.705927,30.940561,20.509529,4.000000,0.000000,0.000000,0.000000,1.000000,0.000000,0.000000,0.000000
-18.382393,27.392010,20.718914,4.000000,0.000000,0.000000,0.000000,1.000000,0.000000,0.000000,0.000000
0.934044,27.568201,60.566669,4.000000,0.000000,0.000000,0.000000,1.000000,0.000000,0.000000,0.000000
-18.091679,27.002789,59.728703,4.000000,0.000000,0.000000,0.000000,1.000000,0.000000,0.000000,0.000000
1.390866,32.270866,105.496353,4.000000,0.000000,0.000000,0.000000,1.000000,0.000000,0.000000,0.000000
-18.091679,27.002789,59.728703,4.000000,0.000000,0.000000,0.000000,1.000000,0.000000,0.000000,0.000000
0.934044,27.568201,60.566669,4.000000,0.000000,0.000000,0.000000,1.000000,0.000000,0.000000,0.000000
-18.091679,27.002789,59.728703,4.000000,0.000000,0.000000,0.000000,1.000000,0.000000,0.000000,0.000000
1.390866,32.270866,105.496353,4.000000,0.000000,0.000000,0.000000,1.000000,0.000000,0.000000,0.000000
-15.557386,35.625195,102.579979,4.000000,0.000000,0.000000,0.000000,1.000000,0.000000,0.000000,0.000000
22.714613,-19.208221,45.120850,4.000000,0.000000,0.000000,0.000000,1.000000,0.000000,0.000000,0.000000
-1.157931,-23.928722,26.464909,26.000000,0.000000,0.000000,0.000000,1.000000,0.000000,0.000000,0.000000
-0.356351,-22.630770,47.360672,4.000000,0.000000,0.000000,0.000000,1.000000,0.000000,0.000000,0.000000
-1.157931,-23.928722,26.464909,26.000000,0.000000,0.000000,0.000000,1.000000,0.000000,0.000000,0.000000
22.714613,-19.208221,45.120850,4.000000,0.000000,0.000000,0.000000,1.000000,0.000000,0.000000,0.000000
21.005238,-20.969496,26.657156,26.000000,0.000000,0.000000,0.000000,1.000000,0.000000,0.000000,0.000000
-36.569859,15.000940,123.534286,10.000000,0.000000,0.000000,0.000000,1.000000,0.000000,0.000000,0.000000
-15.557386,35.625195,102.579979,4.000000,0.000000,0.000000,0.000000,1.000000,0.000000,0.000000,0.000000
-4.656832,21.824270,131.712646,4.000000,0.000000,0.000000,0.000000,1.000000,0.000000,0.000000,0.000000
-15.557386,35.625195,102.579979,4.000000,0.000000,0.000000,0.000000,1.000000,0.000000,0.000000,0.000000
-36.569859,15.000940,123.534286,10.000000,0.000000,0.000000,0.000000,1.000000,0.000000,0.000000,0.000000
-34.514874,28.611721,105.799408,10.000000,0.000000,0.000000,0.000000,1.000000,0.000000,0.000000,0.000000
21.431149,34.749195,102.295578,4.000000,0.000000,0.000000,0.000000,1.000000,0.000000,0.000000,0.000000
37.784576,16.230179,122.756767,18.000000,0.000000,0.000000,0.000000,1.000000,0.000000,0.000000,0.000000
10.338519,21.469137,131.597351,4.000000,0.000000,0.000000,0.000000,1.000000,0.000000,0.000000,0.000000
37.784576,16.230179,122.756767,18.000000,0.000000,0.000000,0.000000,1.000000,0.000000,0.000000,0.000000
21.431149,34.749195,102.295578,4.000000,0.000000,0.000000,0.000000,1.000000,0.000000,0.000000,0.000000
35.855190,28.605270,104.125229,18.000000,0.000000,0.000000,0.000000,1.000000,0.000000,0.000000,0.000000
0.934044,27.568201,60.566669,4.000000,0.000000,0.000000,0.000000,1.000000,0.000000,0.000000,0.000000
21.431149,34.749195,102.295578,4.000000,0.000000,0.000000,0.000000,1.000000,0.000000,0.000000,0.000000
1.390866,32.270866,105.496353,4.000000,0.000000,0.000000,0.000000,1.000000,0.000000,0.000000,0.000000
21.431149,34.749195,102.295578,4.000000,0.000000,0.000000,0.000000,1.000000,0.000000,0.000000,0.000000
0.934044,27.568201,60.566669,4.000000,0.000000,0.000000,0.000000,1.000000,0.000000,0.000000,0.000000
19.896547,26.103115,59.436623,4.000000,0.000000,0.000000,0.000000,1.000000,0.000000,0.000000,0.000000
19.896547,26.103115,59.436623,4.000000,0.000000,0.000000,0.000000,1.000000,0.000000,0.000000,0.000000
32.476833,20.459486,87.900772,18.000000,0.000000,0.000000,0.000000,1.000000,0.000000,0.000000,0.000000
21.431149,34.749195,102.295578,4.000000,0.000000,0.000000,0.000000,1.000000,0.000000,0.000000,0.000000
32.476833,20.459486,87.900772,18.000000,0.000000,0.000000,0.000000,1.000000,0.000000,0.000000,0.000000
19.896547,26.103115,59.436623,4.000000,0.000000,0.000000,0.000000,1.000000,0.000000,0.000000,0.000000
32.632206,16.705055,53.480164,4.000000,0.000000,0.000000,0.000000,1.000000,0.000000,0.000000,0.000000
-31.062717,21.582006,89.076164,10.000000,0.000000,0.000000,0.000000,1.000000,0.000000,0.000000,0.000000
-18.091679,27.002789,59.728703,4.000000,0.000000,0.000000,0.000000,1.000000,0.000000,0.000000,0.000000
-15.557386,35.625195,102.579979,4.000000,0.000000,0.000000,0.000000,1.000000,0.000000,0.000000,0.000000
-18.091679,27.002789,59.728703,4.000000,0.000000,0.000000,0.000000,1.000000,0.000000,0.000000,0.000000
-31.062717,21.582006,89.076164,10.000000,0.000000,0.000000,0.000000,1.000000,0.000000,0.000000,0.000000
-31.347963,18.220295,53.972080,4.000000,0.000000,0.000000,0.000000,1.000000,0.000000,0.000000,0.000000
-0.356351,-22.630770,47.360672,4.000000,0.000000,0.000000,0.000000,1.000000,0.000000,0.000000,0.000000
16.096136,-19.259554,95.182747,4.000000,0.000000,0.000000,0.000000,1.000000,0.000000,0.000000,0.000000
22.714613,-19.208221,45.120850,4.000000,0.000000,0.000000,0.000000,1.000000,0.000000,0.000000,0.000000
16.096136,-19.259554,95.182747,4.000000,0.000000,0.000000,0.000000,1.000000,0.000000,0.000000,0.000000
-0.356351,-22.630770,47.360672,4.000000,0.000000,0.000000,0.000000,1.000000,0.000000,0.000000,0.000000
-0.112117,-25.971830,89.417519,4.000000,0.000000,0.000000,0.000000,1.000000,0.000000,0.000000,0.000000
1.065286,23.009830,25.553427,26.000000,0.000000,0.000000,0.000000,1.000000,0.000000,0.000000,0.000000
32.366291,16.188581,20.485279,4.000000,0.000000,0.000000,0.000000,1.000000,0.000000,0.000000,0.000000
19.605833,26.492336,20.426834,4.000000,0.000000,0.000000,0.000000,1.000000,0.000000,0.000000,0.000000
32.366291,16.188581,20.485279,4.000000,0.000000,0.000000,0.000000,1.000000,0.000000,0.000000,0.000000
1.065286,23.009830,25.553427,26.000000,0.000000,0.000000,0.000000,1.000000,0.000000,0.000000,0.000000
23.848852,17.932446,25.913086,26.000000,0.000000,0.000000,0.000000,1.000000,0.000000,0.000000,0.000000
16.096136,-19.259554,95.182747,4.000000,0.000000,0.000000,0.000000,1.000000,0.000000,0.000000,0.000000
1.435487,-12.531222,119.199303,4.000000,0.000000,0.000000,0.000000,1.000000,0.000000,0.000000,0.000000
17.809225,0.225587,127.869049,4.000000,0.000000,0.000000,0.000000,1.000000,0.000000,0.000000,0.000000
1.435487,-12.531222,119.199303,4.000000,0.000000,0.000000,0.000000,1.000000,0.000000,0.000000,0.000000
16.096136,-19.259554,95.182747,4.000000,0.000000,0.000000,0.000000,1.000000,0.000000,0.000000,0.000000
-0.112117,-25.971830,89.417519,4.000000,0.000000,0.000000,0.000000,1.000000,0.000000,0.000000,0.000000
26.490774,-16.453028,91.161560,18.000000,0.000000,0.000000,0.000000,1.000000,0.000000,0.000000,0.000000
35.237709,1.561815,48.695427,4.000000,0.000000,0.000000,0.000000,1.000000,0.000000,0.000000,0.000000
22.714613,-19.208221,45.120850,4.000000,0.000000,0.000000,0.000000,1.000000,0.000000,0.000000,0.000000
35.237709,1.561815,48.695427,4.000000,0.000000,0.000000,0.000000,1.000000,0.000000,0.000000,0.000000
26.490774,-16.453028,91.161560,18.000000,0.000000,0.000000,0.000000,1.000000,0.000000,0.000000,0.000000
33.093407,5.223567,80.937553,18.000000,0.000000,0.000000,0.000000,1.000000,0.000000,0.000000,0.000000
32.476833,20.459486,87.900772,18.000000,0.000000,0.000000,0.000000,1.000000,0.000000,0.000000,0.000000
35.237709,1.561815,48.695427,4.000000,0.000000,0.000000,0.000000,1.000000,0.000000,0.000000,0.000000
33.093407,5.223567,80.937553,18.000000,0.000000,0.000000,0.000000,1.000000,0.000000,0.000000,0.000000
35.237709,1.561815,48.695427,4.000000,0.000000,0.000000,0.000000,1.000000,0.000000,0.000000,0.000000
32.476833,20.459486,87.900772,18.000000,0.000000,0.000000,0.000000,1.000000,0.000000,0.000000,0.000000
32.632206,16.705055,53.480164,4.000000,0.000000,0.000000,0.000000,1.000000,0.000000,0.000000,0.000000
-34.740601,3.219107,49.233467,4.000000,0.000000,0.000000,0.000000,1.000000,0.000000,0.000000,0.000000
-31.062717,21.582006,89.076164,10.000000,0.000000,0.000000,0.000000,1.000000,0.000000,0.000000,0.000000
-31.669664,6.856930,81.088242,10.000000,0.000000,0.000000,0.000000,1.000000,0.000000,0.000000,0.000000
-31.062717,21.582006,89.076164,10.000000,0.000000,0.000000,0.000000,1.000000,0.000000,0.000000,0.000000
-34.740601,3.219107,49.233467,4.000000,0.000000,0.000000,0.000000,1.000000,0.000000,0.000000,0.000000
-31.347963,18.220295,53.972080,4.000000,0.000000,0.000000,0.000000,1.000000,0.000000,0.000000,0.000000
-34.740601,3.219107,49.233467,4.000000,0.000000,0.000000,0.000000,1.000000,0.000000,0.000000,0.000000
-25.164021,-15.480488,89.847389,10.000000,0.000000,0.000000,0.000000,1.000000,0.000000,0.000000,0.000000
-23.271132,-18.119144,45.474419,4.000000,0.000000,0.000000,0.000000,1.000000,0.000000,0.000000,0.000000
-25.164021,-15.480488,89.847389,10.000000,0.000000,0.000000,0.000000,1.000000,0.000000,0.000000,0.000000
-34.740601,3.219107,49.233467,4.000000,0.000000,0.000000,0.000000,1.000000,0.000000,0.000000,0.000000
-31.669664,6.856930,81.088242,10.000000,0.000000,0.000000,0.000000,1.000000,0.000000,0.000000,0.000000
7.408959,-11.678811,131.012604,5.000000,0.000000,0.000000,0.000000,1.000000,0.000000,0.000000,0.000000
1.435487,-12.531222,119.199303,4.000000,0.000000,0.000000,0.000000,1.000000,0.000000,0.000000,0.000000
-4.578108,-12.069589,131.409485,5.000000,0.000000,0.000000,0.000000,1.000000,0.000000,0.000000,0.000000
-4.656832,21.824270,131.712646,4.000000,0.000000,0.000000,0.000000,1.000000,0.000000,0.000000,0.000000
-11.698851,-0.025706,139.849854,5.000000,0.000000,0.000000,0.000000,1.000000,0.000000,0.000000,0.000000
-13.181170,0.959531,128.107330,4.000000,0.000000,0.000000,0.000000,1.000000,0.000000,0.000000,0.000000
-11.698851,-0.025706,139.849854,5.000000,0.000000,0.000000,0.000000,1.000000,0.000000,0.000000,0.000000
-4.656832,21.824270,131.712646,4.000000,0.000000,0.000000,0.000000,1.000000,0.000000,0.000000,0.000000
-5.080091,14.037197,141.953842,5.000000,0.000000,0.000000,0.000000,1.000000,0.000000,0.000000,0.000000
10.338519,21.469137,131.597351,4.000000,0.000000,0.000000,0.000000,1.000000,0.000000,0.000000,0.000000
-5.080091,14.037197,141.953842,5.000000,0.000000,0.000000,0.000000,1.000000,0.000000,0.000000,0.000000
-4.656832,21.824270,131.712646,4.000000,0.000000,0.000000,0.000000,1.000000,0.000000,0.000000,0.000000
-5.080091,14.037197,141.953842,5.000000,0.000000,0.000000,0.000000,1.000000,0.000000,0.000000,0.000000
10.338519,21.469137,131.597351,4.000000,0.000000,0.000000,0.000000,1.000000,0.000000,0.000000,0.000000
6.906978,14.427976,141.556976,5.000000,0.000000,0.000000,0.000000,1.000000,0.000000,0.000000,0.000000
-11.698851,-0.025706,139.849854,5.000000,0.000000,0.000000,0.000000,1.000000,0.000000,0.000000,0.000000
1.435487,-12.531222,119.199303,4.000000,0.000000,0.000000,0.000000,1.000000,0.000000,0.000000,0.000000
-13.181170,0.959531,128.107330,4.000000,0.000000,0.000000,0.000000,1.000000,0.000000,0.000000,0.000000
1.435487,-12.531222,119.199303,4.000000,0.000000,0.000000,0.000000,1.000000,0.000000,0.000000,0.000000
-11.698851,-0.025706,139.849854,5.000000,0.000000,0.000000,0.000000,1.000000,0.000000,0.000000,0.000000
-4.578108,-12.069589,131.409485,5.000000,0.000000,0.000000,0.000000,1.000000,0.000000,0.000000,0.000000
14.273129,0.820980,138.989990,5.000000,0.000000,0.000000,0.000000,1.000000,0.000000,0.000000,0.000000
10.338519,21.469137,131.597351,4.000000,0.000000,0.000000,0.000000,1.000000,0.000000,0.000000,0.000000
17.809225,0.225587,127.869049,4.000000,0.000000,0.000000,0.000000,1.000000,0.000000,0.000000,0.000000
10.338519,21.469137,131.597351,4.000000,0.000000,0.000000,0.000000,1.000000,0.000000,0.000000,0.000000
14.273129,0.820980,138.989990,5.000000,0.000000,0.000000,0.000000,1.000000,0.000000,0.000000,0.000000
6.906978,14.427976,141.556976,5.000000,0.000000,0.000000,0.000000,1.000000,0.000000,0.000000,0.000000
1.435487,-12.531222,119.199303,4.000000,0.000000,0.000000,0.000000,1.000000,0.000000,0.000000,0.000000
14.273129,0.820980,138.989990,5.000000,0.000000,0.000000,0.000000,1.000000,0.000000,0.000000,0.000000
17.809225,0.225587,127.869049,4.000000,0.000000,0.000000,0.000000,1.000000,0.000000,0.000000,0.000000
14.273129,0.820980,138.989990,5.000000,0.000000,0.000000,0.000000,1.000000,0.000000,0.000000,0.000000
1.435487,-12.531222,119.199303,4.000000,0.000000,0.000000,0.000000,1.000000,0.000000,0.000000,0.000000
7.408959,-11.678811,131.012604,5.000000,0.000000,0.000000,0.000000,1.000000,0.000000,0.000000,0.000000
